address,latitude,longitude,datetime,temp,humidity,precip,precipprob,preciptype,windspeed,windspeedmean,cloudcover,visibility,severerisk
"Austin, TX",30.268,-97.743,2022-05-01,78.2,69.9,0.048,100,rain,11.4,5.9,78.1,8.7,
"Austin, TX",30.268,-97.743,2022-05-02,78.1,68.5,0,0,,15.7,9.1,80.2,9.7,
"Austin, TX",30.268,-97.743,2022-05-03,80.5,70.5,0.008,100,rain,10,7.1,71.5,9.2,
"Austin, TX",30.268,-97.743,2022-05-04,79.8,69.3,0,0,,13.5,9.5,74.6,9.1,
"Austin, TX",30.268,-97.743,2022-05-05,76,82.1,0.38,100,rain,12.4,6.3,74.1,7.8,
"Austin, TX",30.268,-97.743,2022-05-06,77,71.9,0,0,,8.6,4.2,19.8,7.5,
"Austin, TX",30.268,-97.743,2022-05-07,84,67.3,0,0,,14,7.5,15.4,8.4,
"Austin, TX",30.268,-97.743,2022-05-08,83.7,66.1,0,0,,16.8,10.6,46.4,8.8,
"Austin, TX",30.268,-97.743,2022-05-09,84.1,66.8,0,0,,15.5,9.7,68.6,8.6,
"Austin, TX",30.268,-97.743,2022-05-10,83.3,67.2,0,0,,14.9,9.6,68.8,9.6,
"Austin, TX",30.268,-97.743,2022-05-11,81.3,64.6,0,0,,10.4,7.9,44.4,9.4,
"Austin, TX",30.268,-97.743,2022-05-12,80.4,63.9,0,0,,12.6,7,31.5,9.4,
"Austin, TX",30.268,-97.743,2022-05-13,79,62.5,0,0,,10.9,6.5,27.3,9.7,
"Austin, TX",30.268,-97.743,2022-05-14,82,59.7,0,0,,9.8,6.1,29.1,9.7,
"Austin, TX",30.268,-97.743,2022-05-15,82.5,57.2,0,0,,12.9,6.2,7.5,9.7,
"Austin, TX",30.268,-97.743,2022-05-16,83.6,54.8,0,0,,12.6,6.5,32,9.7,
"Austin, TX",30.268,-97.743,2022-05-17,82.8,57.3,0,0,,16.1,8.1,29.7,9.7,
"Austin, TX",30.268,-97.743,2022-05-18,82.9,57.4,0,0,,13.1,9,37.2,9.7,
"Austin, TX",30.268,-97.743,2022-05-19,82.9,58.4,0,0,,18.6,11.4,34,9.7,
"Austin, TX",30.268,-97.743,2022-05-20,83.4,64.3,0,0,,20.7,10.6,67.6,7.7,
"Austin, TX",30.268,-97.743,2022-05-21,85.7,61.8,0,0,,13.5,8.2,61.4,8.3,
"Austin, TX",30.268,-97.743,2022-05-22,71.8,64.7,0.285,100,rain,13,8.2,38.3,9.5,
"Austin, TX",30.268,-97.743,2022-05-23,75.4,68.6,0,0,,10.2,5,70.1,9,
"Austin, TX",30.268,-97.743,2022-05-24,79.1,62.9,0.009,100,rain,15.2,8.7,76.1,9.4,
"Austin, TX",30.268,-97.743,2022-05-25,70.2,61.8,1.12,100,rain,13.3,6.4,28.1,9.1,
"Austin, TX",30.268,-97.743,2022-05-26,77.3,49.7,0,0,,8.1,2.9,1.8,9.9,
"Austin, TX",30.268,-97.743,2022-05-27,82.5,53.3,0,0,,6.1,2.2,5,9.8,
"Austin, TX",30.268,-97.743,2022-05-28,83.3,56.2,0,0,,14.2,6.8,22.2,9.4,
"Austin, TX",30.268,-97.743,2022-05-29,83.6,60,0,0,,19.5,11.5,34.9,9.7,
"Austin, TX",30.268,-97.743,2022-05-30,83.8,60.5,0,0,,21.8,11.9,64,9.8,
"Austin, TX",30.268,-97.743,2022-05-31,85.1,61.5,0,0,,16.6,9.8,48.9,9.7,
"Austin, TX",30.268,-97.743,2022-06-01,84.3,67.5,0,0,,14.8,7.4,60.1,9.8,
"Austin, TX",30.268,-97.743,2022-06-02,81.4,65.8,0,0,,13.3,5.4,45.6,9.8,
"Austin, TX",30.268,-97.743,2022-06-03,81.5,59.2,0.003,100,rain,8.7,4.3,36.6,9.9,
"Austin, TX",30.268,-97.743,2022-06-04,80.1,65.7,0.341,100,rain,8.7,3.9,31.8,9.5,
"Austin, TX",30.268,-97.743,2022-06-05,83.6,61.4,0,0,,17.1,7.9,12.5,9.8,
"Austin, TX",30.268,-97.743,2022-06-06,86.5,61.5,0,0,,15.4,11.3,37.2,9.8,
"Austin, TX",30.268,-97.743,2022-06-07,86.7,60.2,0,0,,13.4,9.9,41.7,9.7,
"Austin, TX",30.268,-97.743,2022-06-08,86.2,60.6,0,0,,11.3,7.6,39.8,9.7,
"Austin, TX",30.268,-97.743,2022-06-09,86.7,60.9,0,0,,8.5,4.3,25.6,9.6,
"Austin, TX",30.268,-97.743,2022-06-10,88.2,56.7,0,0,,14.8,6.8,12.8,9.7,
"Austin, TX",30.268,-97.743,2022-06-11,89.9,53,0,0,,13,6.7,11.9,9.7,
"Austin, TX",30.268,-97.743,2022-06-12,89.3,58.2,0,0,,11.7,8.4,22.2,9.5,
"Austin, TX",30.268,-97.743,2022-06-13,87.3,60,0,0,,20.7,11.2,34.6,8.8,
"Austin, TX",30.268,-97.743,2022-06-14,86.5,61,0,0,,20.4,12.4,51,9.2,
"Austin, TX",30.268,-97.743,2022-06-15,86.4,61.3,0,0,,14.3,9,59.6,9.7,
"Austin, TX",30.268,-97.743,2022-06-16,87.9,55.2,0,0,,10.6,6.4,32.4,9.1,
"Austin, TX",30.268,-97.743,2022-06-17,87.3,53.2,0,0,,10,4.5,11.2,9.5,
"Austin, TX",30.268,-97.743,2022-06-18,87.2,52.2,0,0,,11.4,6.4,8.3,9.9,
"Austin, TX",30.268,-97.743,2022-06-19,88,53.9,0,0,,7.9,4.9,11.9,9.9,
"Austin, TX",30.268,-97.743,2022-06-20,88.1,50.6,0,0,,8.7,4.9,10.2,9.9,
"Austin, TX",30.268,-97.743,2022-06-21,89,53,0,0,,17.1,5.7,30.6,9.9,
"Austin, TX",30.268,-97.743,2022-06-22,87.6,57.6,0,0,,7.7,4.1,22.1,9.9,
"Austin, TX",30.268,-97.743,2022-06-23,89.8,45.1,0,0,,10.5,4,3.7,9.9,
"Austin, TX",30.268,-97.743,2022-06-24,88.9,48.8,0,0,,12,6,4.3,9.9,
"Austin, TX",30.268,-97.743,2022-06-25,88,50.4,0,0,,12.7,7.3,8.1,9.9,
"Austin, TX",30.268,-97.743,2022-06-26,88,50.8,0,0,,9.3,3.9,9.2,9.9,
"Austin, TX",30.268,-97.743,2022-06-27,83.2,65.4,1.53,100,rain,16.8,5.7,40.5,9.2,
"Austin, TX",30.268,-97.743,2022-06-28,80.6,72.5,0.093,100,rain,12.9,4.7,48.3,9.8,
"Austin, TX",30.268,-97.743,2022-06-29,84.1,47.4,0,0,,9.4,3.8,9.2,9.9,
"Austin, TX",30.268,-97.743,2022-06-30,85.7,61,0,0,,11,4.1,13.1,9.8,
"Austin, TX",30.268,-97.743,2022-07-01,85.2,62.5,0,0,,7.7,4.5,30.9,9.9,
"Austin, TX",30.268,-97.743,2022-07-02,87.9,61.4,0,0,,14,6.7,40,9.6,
"Austin, TX",30.268,-97.743,2022-07-03,88,60.7,0,0,,13,7.7,30.5,9.9,
"Austin, TX",30.268,-97.743,2022-07-04,87.6,59.7,0,0,,15.4,8.6,44.5,9.9,
"Austin, TX",30.268,-97.743,2022-07-05,87.9,59.3,0,0,,11.9,8.2,28.9,9.9,
"Austin, TX",30.268,-97.743,2022-07-06,88.4,58.3,0,0,,12.6,7.9,19.4,9.9,
"Austin, TX",30.268,-97.743,2022-07-07,88.6,56.9,0,0,,10.4,6.4,22.4,9.9,
"Austin, TX",30.268,-97.743,2022-07-08,89.7,56.4,0,0,,13.4,6.8,21.1,9.9,
"Austin, TX",30.268,-97.743,2022-07-09,91.4,48.5,0,0,,7.9,4.7,5.4,9.9,
"Austin, TX",30.268,-97.743,2022-07-10,92.3,44.8,0,0,,8,3.1,21.1,9.9,
"Austin, TX",30.268,-97.743,2022-07-11,92,47.9,0,0,,8.4,3.3,15,9.9,
"Austin, TX",30.268,-97.743,2022-07-12,92.2,49.6,0,0,,10.7,5.2,21.8,9.9,
"Austin, TX",30.268,-97.743,2022-07-13,92.1,50.5,0,0,,13.6,4.7,16.2,9.9,
"Austin, TX",30.268,-97.743,2022-07-14,87.4,58,0.004,100,rain,12.6,5,10.9,9.9,
"Austin, TX",30.268,-97.743,2022-07-15,84.4,65.2,0,0,,11.1,4,24.3,9.9,
"Austin, TX",30.268,-97.743,2022-07-16,86.7,61,0,0,,13.9,5.9,43.3,9.9,
"Austin, TX",30.268,-97.743,2022-07-17,89.4,46,0,0,,14.5,6.5,17.8,9.8,
"Austin, TX",30.268,-97.743,2022-07-18,89.8,50.3,0,0,,11.8,7.6,9.3,9.9,
"Austin, TX",30.268,-97.743,2022-07-19,89.7,54.2,0,0,,17.4,8.8,4.8,9.9,
"Austin, TX",30.268,-97.743,2022-07-20,89.6,59.4,0,0,,19.4,8.6,24.8,9.9,
"Austin, TX",30.268,-97.743,2022-07-21,89.1,57.9,0,0,,14.8,7.8,35.1,9.9,
"Austin, TX",30.268,-97.743,2022-07-22,88.4,56.9,0,0,,13.8,7.1,30.3,9.8,
"Austin, TX",30.268,-97.743,2022-07-23,88.4,58.2,0,0,,15.3,7.9,34.4,9.9,
"Austin, TX",30.268,-97.743,2022-07-24,89.2,57.5,0,0,,16.3,8,32,9.9,
"Austin, TX",30.268,-97.743,2022-07-25,88.7,56.6,0,0,,13,6.8,12.8,9.9,
"Austin, TX",30.268,-97.743,2022-07-26,88.6,56.8,0,0,,15.2,7.4,13.6,9.9,
"Austin, TX",30.268,-97.743,2022-07-27,88,57.4,0,0,,12.2,7.1,19.8,9.9,
"Austin, TX",30.268,-97.743,2022-07-28,88.6,56.6,0,0,,13.2,7.6,41,9.9,
"Austin, TX",30.268,-97.743,2022-07-29,88.1,59.9,0,0,,13.8,7.4,22.2,9.9,
"Austin, TX",30.268,-97.743,2022-07-30,89.3,54,0,0,,14,7,13.2,9.9,
"Austin, TX",30.268,-97.743,2022-07-31,89.1,53.8,0,0,,12.2,7.5,28.9,9.9,
"Austin, TX",30.268,-97.743,2022-08-01,88.2,55.3,0,0,,13.9,6.8,32.6,9.9,
"Austin, TX",30.268,-97.743,2022-08-02,89.7,53.3,0,0,,18.3,9.2,9.1,9.9,
"Austin, TX",30.268,-97.743,2022-08-03,89.7,56.1,0,0,,17.2,9.3,33.1,9.9,
"Austin, TX",30.268,-97.743,2022-08-04,89.9,55.8,0,0,,19.7,8.8,32.6,9.9,
"Austin, TX",30.268,-97.743,2022-08-05,88.5,56,0,0,,15,6.9,37.7,9.9,
"Austin, TX",30.268,-97.743,2022-08-06,85.7,61.4,0,0,,10.3,6,52.3,9.9,
"Austin, TX",30.268,-97.743,2022-08-07,86.6,61.3,0,0,,17.3,6.9,45.5,9.9,
"Austin, TX",30.268,-97.743,2022-08-08,87.1,60.7,0,0,,11.4,4.9,39.7,9.9,
"Austin, TX",30.268,-97.743,2022-08-09,87.9,56.8,0,0,,9.2,4.5,21.7,9.9,
"Austin, TX",30.268,-97.743,2022-08-10,88,56.9,0,0,,17.2,5.7,14.2,9.9,
"Austin, TX",30.268,-97.743,2022-08-11,87.3,56.3,0,0,,9.7,3.1,40.7,9.9,
"Austin, TX",30.268,-97.743,2022-08-12,87.2,58.1,0,0,,11.4,4,23.1,9.9,
"Austin, TX",30.268,-97.743,2022-08-13,89,54.5,0,0,,11.7,5.2,33.9,9.9,
"Austin, TX",30.268,-97.743,2022-08-14,84.3,64.9,0,0,,12.2,5.6,44.4,9.9,
"Austin, TX",30.268,-97.743,2022-08-15,86.1,60.4,0,0,,12.3,6.2,45.9,9.9,
"Austin, TX",30.268,-97.743,2022-08-16,87.3,61.9,0,0,,12.8,5,34.8,9.9,
"Austin, TX",30.268,-97.743,2022-08-17,89.6,55,0,0,,11.4,4.6,12,9.9,
"Austin, TX",30.268,-97.743,2022-08-18,83,72.8,0.475,100,rain,9.8,4.2,33,9.6,
"Austin, TX",30.268,-97.743,2022-08-19,77.9,88.3,0.339,100,rain,8.9,2.8,55.9,9.3,
"Austin, TX",30.268,-97.743,2022-08-20,85.1,69.5,0.004,100,rain,12.3,6.7,57.8,9.8,
"Austin, TX",30.268,-97.743,2022-08-21,83.9,72,0.003,100,rain,10.7,7.4,73.6,9.8,
"Austin, TX",30.268,-97.743,2022-08-22,81,82.1,3.366,100,rain,14.4,6.3,73.5,9.1,
"Austin, TX",30.268,-97.743,2022-08-23,79.9,82.2,0.06,100,rain,4.8,1.6,69.6,9.6,
"Austin, TX",30.268,-97.743,2022-08-24,82.7,74.8,0.037,100,rain,8.5,3.2,66.5,9.7,
"Austin, TX",30.268,-97.743,2022-08-25,84.1,62.9,0,0,,7,4,31.7,9.9,
"Austin, TX",30.268,-97.743,2022-08-26,85.8,61,0,0,,8.1,4.4,16.8,9.9,
"Austin, TX",30.268,-97.743,2022-08-27,85.4,66.3,0.023,100,rain,11.5,4.6,43.7,9.9,
"Austin, TX",30.268,-97.743,2022-08-28,85.7,67,0.009,100,rain,11.2,6.4,45.1,9.9,
"Austin, TX",30.268,-97.743,2022-08-29,84.2,72.3,0,0,,16.1,4.9,44.5,9.9,
"Austin, TX",30.268,-97.743,2022-08-30,78,90.4,0.289,100,rain,6.8,3.9,85.8,8.7,
"Austin, TX",30.268,-97.743,2022-08-31,79.2,84.1,0.495,100,rain,6,2.5,74.2,9.1,
"Austin, TX",30.268,-97.743,2022-09-01,81.3,76.3,0,0,,9,2.6,27.6,9.8,
"Austin, TX",30.268,-97.743,2022-09-02,82.2,72.7,0,0,,6.9,2.9,34.5,9.9,
"Austin, TX",30.268,-97.743,2022-09-03,79.7,81.2,0.054,100,rain,9.6,1.9,42.1,9.9,
"Austin, TX",30.268,-97.743,2022-09-04,78.7,78,0.052,100,rain,10.8,3.1,25.2,9.9,
"Austin, TX",30.268,-97.743,2022-09-05,79.4,71.9,0,0,,8.5,3.1,10.5,9.9,
"Austin, TX",30.268,-97.743,2022-09-06,82.4,67.5,0,0,,7.7,3.8,10,9.9,
"Austin, TX",30.268,-97.743,2022-09-07,81.1,74.6,0.288,100,rain,10.7,3.1,31.2,9.7,
"Austin, TX",30.268,-97.743,2022-09-08,81.3,68.7,0,0,,8.5,3.2,21.4,9.8,
"Austin, TX",30.268,-97.743,2022-09-09,81.7,62.6,0,0,,7.2,2.7,23.6,9.9,
"Austin, TX",30.268,-97.743,2022-09-10,82.9,63.4,0,0,,6.4,3,42.8,9.6,
"Austin, TX",30.268,-97.743,2022-09-11,82,58.6,0,0,,13.6,5,28.6,9.9,
"Austin, TX",30.268,-97.743,2022-09-12,80.4,56,0,0,,5.8,2.6,8,9.9,
"Austin, TX",30.268,-97.743,2022-09-13,81.3,59.2,0,0,,9,3,19.4,9.9,
"Austin, TX",30.268,-97.743,2022-09-14,80.4,63.1,0,0,,7.5,3.2,26.5,9.5,
"Austin, TX",30.268,-97.743,2022-09-15,78.3,63.1,0,0,,8.8,3.5,46.9,9.9,
"Austin, TX",30.268,-97.743,2022-09-16,83.3,68.4,0,0,,11.6,5.2,49.9,9.8,
"Austin, TX",30.268,-97.743,2022-09-17,84.3,69.6,0,0,,11.8,6.4,50.9,9.7,
"Austin, TX",30.268,-97.743,2022-09-18,83.8,65.5,0,0,,7.8,4.6,41.2,9.7,
"Austin, TX",30.268,-97.743,2022-09-19,84.2,65.9,0,0,,8.8,4.2,40.6,9.9,
"Austin, TX",30.268,-97.743,2022-09-20,84.9,66,0,0,,9.4,3.6,29.2,9.9,
"Austin, TX",30.268,-97.743,2022-09-21,83.9,60,0,0,,8.6,3,7.1,9.9,
"Austin, TX",30.268,-97.743,2022-09-22,83.4,51.9,0,0,,7.9,2.3,2.9,9.9,
"Austin, TX",30.268,-97.743,2022-09-23,84.6,48.8,0,0,,7.4,3.6,17.5,9.9,
"Austin, TX",30.268,-97.743,2022-09-24,82.5,63.6,0,0,,8.7,4.2,26.5,9.8,
"Austin, TX",30.268,-97.743,2022-09-25,83.4,61.7,0,0,,5.3,2.1,18.4,9.9,
"Austin, TX",30.268,-97.743,2022-09-26,82.2,38.2,0,0,,12.9,7.2,16.7,9.9,
"Austin, TX",30.268,-97.743,2022-09-27,74.8,37.8,0,0,,9.4,2.5,2.3,9.9,
"Austin, TX",30.268,-97.743,2022-09-28,75.4,37.5,0,0,,6.4,1.9,0.5,9.8,
"Austin, TX",30.268,-97.743,2022-09-29,75.8,42.9,0,0,,5.9,2.1,0.2,9.9,
"Austin, TX",30.268,-97.743,2022-09-30,73.8,39.9,0,0,,9.5,3.7,1.8,9.9,
"Austin, TX",30.268,-97.743,2022-10-01,71.1,44.7,0,0,,5.3,1.6,1,9.9,
"Austin, TX",30.268,-97.743,2022-10-02,70,46.1,0,0,,7.3,2.1,9.1,9.9,
"Austin, TX",30.268,-97.743,2022-10-03,71.6,42.4,0,0,,4.5,1.4,13.2,9.9,
"Austin, TX",30.268,-97.743,2022-10-04,74.6,40.6,0,0,,6.7,2.2,12.6,9.9,
"Austin, TX",30.268,-97.743,2022-10-05,74.9,46,0,0,,4,1.5,7.9,9.9,
"Austin, TX",30.268,-97.743,2022-10-06,76.3,47.7,0,0,,6.1,2,7,9.9,
"Austin, TX",30.268,-97.743,2022-10-07,75.7,51.4,0,0,,3.8,1.1,21.8,9.9,
"Austin, TX",30.268,-97.743,2022-10-08,76.1,44.9,0,0,,10.7,4.5,15.9,9.9,
"Austin, TX",30.268,-97.743,2022-10-09,75.8,47.9,0,0,,7.8,3.5,25.4,9.9,
"Austin, TX",30.268,-97.743,2022-10-10,76,58.1,0,0,,12.1,4.7,15.4,9.9,
"Austin, TX",30.268,-97.743,2022-10-11,76.7,59.6,0,0,,13.5,6,37.3,9.8,
"Austin, TX",30.268,-97.743,2022-10-12,80.9,65.2,0,0,,8.2,4.9,41.9,9.9,
"Austin, TX",30.268,-97.743,2022-10-13,78.5,42.2,0,0,,12,7.4,9.2,9.9,
"Austin, TX",30.268,-97.743,2022-10-14,76,44,0,0,,8.7,3.9,33,9.9,
"Austin, TX",30.268,-97.743,2022-10-15,80.7,66.2,0,0,,9.7,6.8,56,9.7,
"Austin, TX",30.268,-97.743,2022-10-16,79.8,69.1,0.01,100,rain,12.2,5.9,64.8,9.9,
"Austin, TX",30.268,-97.743,2022-10-17,66.7,67.1,0.637,100,rain,17.3,10.1,63.7,9.2,
"Austin, TX",30.268,-97.743,2022-10-18,60.5,36.2,0,0,,11.1,7.3,15,9.9,
"Austin, TX",30.268,-97.743,2022-10-19,56.9,49,0,0,,8.7,2,2,9.8,
"Austin, TX",30.268,-97.743,2022-10-20,66.4,46.2,0,0,,9.3,4,1.3,9.9,
"Austin, TX",30.268,-97.743,2022-10-21,70.8,50,0,0,,15.4,6.1,0,9.9,
"Austin, TX",30.268,-97.743,2022-10-22,74.4,63.1,0,0,,13.9,9.4,36.8,9.9,
"Austin, TX",30.268,-97.743,2022-10-23,76,69.8,0,0,,16.1,9,61,9.9,
"Austin, TX",30.268,-97.743,2022-10-24,75.7,82,0.229,100,rain,13.1,8.8,90.8,9.5,
"Austin, TX",30.268,-97.743,2022-10-25,64.3,44.2,0.343,100,rain,19.7,7.8,16,9.9,
"Austin, TX",30.268,-97.743,2022-10-26,60.1,56.1,0,0,,7.9,3,0.9,9.9,
"Austin, TX",30.268,-97.743,2022-10-27,65,64.4,0,0,,9.9,4.6,33.6,9.9,
"Austin, TX",30.268,-97.743,2022-10-28,62.9,84,0.651,100,rain,13.4,7.1,96.5,9.4,
"Austin, TX",30.268,-97.743,2022-10-29,61.6,70.1,0,0,,10,6.7,71.7,9.9,
"Austin, TX",30.268,-97.743,2022-10-30,62.6,70.3,0,0,,6.1,3,8.3,9.9,
"Austin, TX",30.268,-97.743,2022-10-31,64.7,68.4,0,0,,5,2,17.3,9.9,
"Austin, TX",30.268,-97.743,2022-11-01,62.6,89.4,0.049,100,rain,6.9,2.7,77.7,9.3,
"Austin, TX",30.268,-97.743,2022-11-02,66.7,83.6,0,0,,5.3,2.9,80.3,7.7,
"Austin, TX",30.268,-97.743,2022-11-03,74.8,81.3,0,0,,14.7,8.2,85.7,8.4,
"Austin, TX",30.268,-97.743,2022-11-04,74.9,82.7,0.487,100,rain,18.8,9.3,80.3,9,
"Austin, TX",30.268,-97.743,2022-11-05,61.3,55.9,0,0,,8.9,3.9,24.3,9.9,
"Austin, TX",30.268,-97.743,2022-11-06,67.5,81.2,0,0,,12,3,43.9,9.9,
"Austin, TX",30.268,-97.743,2022-11-07,76.4,85.1,0.048,100,rain,8.7,4.2,78.2,8.8,
"Austin, TX",30.268,-97.743,2022-11-08,71.6,87.8,0.05,100,rain,5.8,2.7,76.6,9.7,
"Austin, TX",30.268,-97.743,2022-11-09,72.7,83.6,0,0,,9.2,5.7,66.4,9.4,
"Austin, TX",30.268,-97.743,2022-11-10,72.8,81.5,0,0,,10.3,4.9,71.9,9.1,
"Austin, TX",30.268,-97.743,2022-11-11,60,85.8,0.785,100,rain,14.4,8.2,87.2,9.3,
"Austin, TX",30.268,-97.743,2022-11-12,45.2,56.5,0,0,,19.4,10.3,20.5,9.9,
"Austin, TX",30.268,-97.743,2022-11-13,44.6,56.2,0,0,,9.3,5.6,44.2,9.9,
"Austin, TX",30.268,-97.743,2022-11-14,50.3,80,0.124,100,rain,10.9,5.9,96.6,8.7,
"Austin, TX",30.268,-97.743,2022-11-15,44,73.1,0,0,,12,7.2,44.2,9.9,
"Austin, TX",30.268,-97.743,2022-11-16,46.9,61.5,0,0,,10.3,5.3,48.8,9.9,
"Austin, TX",30.268,-97.743,2022-11-17,50.2,57.6,0,0,,4.5,1.9,69.1,9.9,
"Austin, TX",30.268,-97.743,2022-11-18,51.6,61.2,0.013,100,rain,4.9,1.8,100,9.9,
"Austin, TX",30.268,-97.743,2022-11-19,41.1,83.7,0.268,100,rain,13,8.5,99.2,9.2,
"Austin, TX",30.268,-97.743,2022-11-20,42.3,68.4,0.011,100,rain,6.7,3.7,99.5,9.9,
"Austin, TX",30.268,-97.743,2022-11-21,43.5,88.3,0.189,100,rain,4.8,2,99.7,8.1,
"Austin, TX",30.268,-97.743,2022-11-22,49.7,90.7,0.027,100,rain,4.8,1.4,99.9,6.8,
"Austin, TX",30.268,-97.743,2022-11-23,57.9,81,0.07,100,rain,5.1,1.8,99.8,9.4,
"Austin, TX",30.268,-97.743,2022-11-24,62.6,97.1,0.463,100,rain,13.1,4.5,99.7,5.2,
"Austin, TX",30.268,-97.743,2022-11-25,57.4,93.8,0.102,100,rain,14,8,100,7.9,
"Austin, TX",30.268,-97.743,2022-11-26,52,79.9,1.167,100,rain,14.3,7.2,53.9,8.3,
"Austin, TX",30.268,-97.743,2022-11-27,56.8,65.5,0,0,,8.6,2.8,0.1,9.8,
"Austin, TX",30.268,-97.743,2022-11-28,58.3,75,0,0,,10,3.9,16.2,9.7,
"Austin, TX",30.268,-97.743,2022-11-29,71.9,78.3,0,0,,16.1,6.9,50.6,8.7,
"Austin, TX",30.268,-97.743,2022-11-30,48.9,47.8,0,0,,17.5,10.5,3,9.9,
"Austin, TX",30.268,-97.743,2022-12-01,46.7,68.9,0.008,100,rain,6.5,2.5,69.1,9.5,
"Austin, TX",30.268,-97.743,2022-12-02,59.2,97,0.085,100,rain,8.2,3.4,100,5.2,
"Austin, TX",30.268,-97.743,2022-12-03,60.3,72.5,0,0,,14.9,7.3,99.9,9.9,
"Austin, TX",30.268,-97.743,2022-12-04,55.3,74,0,0,,7.8,2.7,100,9.5,
"Austin, TX",30.268,-97.743,2022-12-05,65.1,86.4,0,0,,21.7,4.4,79,7.1,
"Austin, TX",30.268,-97.743,2022-12-06,71.5,85.3,0,0,,11.2,5,84.5,8.8,
"Austin, TX",30.268,-97.743,2022-12-07,73.5,79.2,0,0,,11.1,6.8,82.7,9.3,
"Austin, TX",30.268,-97.743,2022-12-08,73.4,80.2,0,0,,15,5.9,78.7,9.1,
"Austin, TX",30.268,-97.743,2022-12-09,71.8,81.7,0,0,,11.4,5.2,55.8,8.5,
"Austin, TX",30.268,-97.743,2022-12-10,72.1,83.3,0.019,100,rain,10.1,4.3,92.5,9.8,
"Austin, TX",30.268,-97.743,2022-12-11,63.3,82.3,0.02,100,rain,12.1,6.3,85.4,9.9,
"Austin, TX",30.268,-97.743,2022-12-12,64.1,93.2,0.007,100,rain,12.9,6.2,99.2,5.9,
"Austin, TX",30.268,-97.743,2022-12-13,69.6,73.4,0.023,100,rain,13.7,7.7,88.5,9.6,
"Austin, TX",30.268,-97.743,2022-12-14,59.1,41.3,0.014,100,rain,16.6,6.4,48.7,9.9,
"Austin, TX",30.268,-97.743,2022-12-15,49,57.7,0,0,,8.8,2.6,1.6,9.9,
"Austin, TX",30.268,-97.743,2022-12-16,46.4,63.9,0,0,,12.8,6.6,59.2,9.9,
"Austin, TX",30.268,-97.743,2022-12-17,47.5,42.4,0,0,,10.6,3.8,16.1,9.9,
"Austin, TX",30.268,-97.743,2022-12-18,44.4,47,0,0,,7.6,3.6,48.7,9.9,
"Austin, TX",30.268,-97.743,2022-12-19,46.6,83.7,1.474,100,rain,7.2,4.5,99.9,6.5,
"Austin, TX",30.268,-97.743,2022-12-20,48.3,90.2,0.003,100,rain,11.3,6.4,94.7,7.4,
"Austin, TX",30.268,-97.743,2022-12-21,43.3,87.7,0,0,,5.4,2.6,75.1,8.2,
"Austin, TX",30.268,-97.743,2022-12-22,36,77.2,0,0,,28.6,9.7,66.2,7.3,
"Austin, TX",30.268,-97.743,2022-12-23,22.5,36.8,0,0,,18.8,11.3,7.4,9.9,
"Austin, TX",30.268,-97.743,2022-12-24,28.3,36.2,0,0,,9.7,4,5.8,9.9,
"Austin, TX",30.268,-97.743,2022-12-25,36.5,42.4,0,0,,6.8,2.8,2.8,9.8,
"Austin, TX",30.268,-97.743,2022-12-26,44.8,37.3,0,0,,5.3,3,5.1,9.9,
"Austin, TX",30.268,-97.743,2022-12-27,44.7,51.3,0,0,,9.3,4.4,7.1,9.9,
"Austin, TX",30.268,-97.743,2022-12-28,57.8,65.8,0,0,,15.6,7.1,16.1,9.9,
"Austin, TX",30.268,-97.743,2022-12-29,66.9,76.7,0.001,100,rain,9.8,4.4,80.9,9.6,
"Austin, TX",30.268,-97.743,2022-12-30,57.5,65.1,0,0,,7,2.9,48.8,9.9,
"Austin, TX",30.268,-97.743,2022-12-31,58.8,64.9,0,0,,13.4,4.5,6.4,9.9,
"Austin, TX",30.268,-97.743,2023-01-01,63.5,77,0,0,,9.2,5.3,39.4,8,
"Austin, TX",30.268,-97.743,2023-01-02,73.7,79.2,0,0,,14.4,8.1,71.1,7.3,
"Austin, TX",30.268,-97.743,2023-01-03,63.9,44.4,0.07,100,rain,10.7,4.4,44.2,9.3,
"Austin, TX",30.268,-97.743,2023-01-04,56.2,48.9,0,0,,9.2,3.4,5.2,9.9,
"Austin, TX",30.268,-97.743,2023-01-05,51.7,57.5,0,0,,6.3,2.9,5.1,9.9,
"Austin, TX",30.268,-97.743,2023-01-06,60.7,69.7,0,0,,12.6,5.2,42.1,9.7,
"Austin, TX",30.268,-97.743,2023-01-07,66.8,78.1,0.003,100,rain,10.7,3.8,96.9,7.9,
"Austin, TX",30.268,-97.743,2023-01-08,56.8,46.4,0,0,,11.9,6.1,34,9.9,
"Austin, TX",30.268,-97.743,2023-01-09,56.8,64.1,0,0,,8,2.5,8.5,9.9,
"Austin, TX",30.268,-97.743,2023-01-10,67.5,72.3,0,0,,11.4,5.5,25.4,8.8,
"Austin, TX",30.268,-97.743,2023-01-11,65.8,81,0,0,,20.7,5.5,22.2,8.3,
"Austin, TX",30.268,-97.743,2023-01-12,59.1,37.5,0,0,,16.3,10.6,11.7,9.9,
"Austin, TX",30.268,-97.743,2023-01-13,50.2,42,0,0,,11.6,4.6,4.6,9.9,
"Austin, TX",30.268,-97.743,2023-01-14,49.7,51.6,0,0,,11.4,4.8,6.5,9.9,
"Austin, TX",30.268,-97.743,2023-01-15,59.3,72.3,0,0,,16.2,8.2,13.2,9.8,
"Austin, TX",30.268,-97.743,2023-01-16,66.7,72.1,0,0,,7.7,2.6,50.1,9.9,
"Austin, TX",30.268,-97.743,2023-01-17,64,75.9,0,0,,13.9,4,15.8,9,
"Austin, TX",30.268,-97.743,2023-01-18,68.2,53,0,0,,13.9,6.1,45.9,8.3,
"Austin, TX",30.268,-97.743,2023-01-19,57,32.8,0,0,,10.7,3.6,6.1,9.9,
"Austin, TX",30.268,-97.743,2023-01-20,53.8,47.5,0,0,,8.9,4.3,91.8,9.9,
"Austin, TX",30.268,-97.743,2023-01-21,52.9,74,0.008,100,rain,6.5,2.8,70.2,9.6,
"Austin, TX",30.268,-97.743,2023-01-22,49.3,48.1,0,0,,12.1,6.4,3.4,9.8,
"Austin, TX",30.268,-97.743,2023-01-23,47.5,48.5,0,0,,10.1,5,42.1,9.9,
"Austin, TX",30.268,-97.743,2023-01-24,48.4,78.9,0.889,100,rain,20.8,8.9,81.2,7.5,
"Austin, TX",30.268,-97.743,2023-01-25,46.3,60.5,0,0,,10.8,7,24.4,9.9,
"Austin, TX",30.268,-97.743,2023-01-26,44.1,63.3,0,0,,9.2,2.6,4.4,9.9,
"Austin, TX",30.268,-97.743,2023-01-27,44.6,68.6,0,0,,11,3.4,57,9.9,
"Austin, TX",30.268,-97.743,2023-01-28,54.3,96.2,0.092,100,rain,5.9,2.4,100,4,
"Austin, TX",30.268,-97.743,2023-01-29,59.4,88.9,0.164,100,rain,14.6,5,89.9,5.8,
"Austin, TX",30.268,-97.743,2023-01-30,33.4,90.2,0.009,100,"rain,snow",18.7,10.7,100,7.9,
"Austin, TX",30.268,-97.743,2023-01-31,30.1,94.8,0.021,100,"rain,snow",12.7,10,99.9,7.2,
"Austin, TX",30.268,-97.743,2023-02-01,31.3,95.9,0.889,100,"rain,snow",12.3,8.2,99.8,4.5,
"Austin, TX",30.268,-97.743,2023-02-02,35.4,95.3,0.168,100,"rain,snow",10.5,7.4,99.8,7.3,
"Austin, TX",30.268,-97.743,2023-02-03,42.4,83.3,0,0,,10.2,4,68.8,9.3,
"Austin, TX",30.268,-97.743,2023-02-04,47.3,81.5,0,0,,10.3,3,43.8,6.8,
"Austin, TX",30.268,-97.743,2023-02-05,55.4,80.6,0,0,,9.2,2.8,22.6,7.6,
"Austin, TX",30.268,-97.743,2023-02-06,64.7,80.3,0,0,,16.2,9.9,82.6,9.4,
"Austin, TX",30.268,-97.743,2023-02-07,65.3,91.8,0.222,100,rain,12.4,8.3,99.9,9,
"Austin, TX",30.268,-97.743,2023-02-08,48.9,88.3,0.15,100,rain,11,6.2,70.2,9.3,
"Austin, TX",30.268,-97.743,2023-02-09,56,63.2,0,0,,10.5,4.2,2.5,9.9,
"Austin, TX",30.268,-97.743,2023-02-10,49.3,50.4,0,0,,18.3,11.3,47.4,9.9,
"Austin, TX",30.268,-97.743,2023-02-11,45.3,46.3,0,0,,13,6.5,5,9.9,
"Austin, TX",30.268,-97.743,2023-02-12,48.7,57,0,0,,11.2,3.4,14.9,9.9,
"Austin, TX",30.268,-97.743,2023-02-13,55.9,68.7,0,0,,15.5,5.7,37.5,9.9,
"Austin, TX",30.268,-97.743,2023-02-14,67.1,55.1,0.011,100,rain,15.7,9,42.6,9.5,
"Austin, TX",30.268,-97.743,2023-02-15,64.4,69.3,0,0,,14.2,6.3,50.7,8.3,
"Austin, TX",30.268,-97.743,2023-02-16,51.1,47.7,0.046,100,rain,18.1,11.8,76,9.6,
"Austin, TX",30.268,-97.743,2023-02-17,42.5,43.1,0,0,,15.9,9.5,8.9,9.9,
"Austin, TX",30.268,-97.743,2023-02-18,43.7,59.2,0,0,,12.8,3.8,17.8,9.9,
"Austin, TX",30.268,-97.743,2023-02-19,59.3,67.1,0,0,,9,4.2,31.7,9.8,
"Austin, TX",30.268,-97.743,2023-02-20,69.4,72.6,0,0,,14.1,7.1,30.1,9.9,
"Austin, TX",30.268,-97.743,2023-02-21,70.7,78.4,0,0,,17.1,8.7,23.1,8.6,
"Austin, TX",30.268,-97.743,2023-02-22,76,53.4,0,0,,13.3,7.7,47,9.8,
"Austin, TX",30.268,-97.743,2023-02-23,68,58.9,0,0,,15.3,8.8,66.1,8.3,
"Austin, TX",30.268,-97.743,2023-02-24,53.7,61.8,0,0,,14.3,8.9,100,9.9,
"Austin, TX",30.268,-97.743,2023-02-25,54.4,76.1,0,0,,9.2,5.7,88,8.6,
"Austin, TX",30.268,-97.743,2023-02-26,65.2,81.2,0.001,100,rain,17.4,7.6,86.6,6.8,
"Austin, TX",30.268,-97.743,2023-02-27,70.1,36.5,0,0,,12.8,6.4,36,9.6,
"Austin, TX",30.268,-97.743,2023-02-28,67.4,58.7,0,0,,9.4,4.3,10.5,9.7,
"Austin, TX",30.268,-97.743,2023-03-01,74.7,80,0,0,,10.5,6.1,79.5,6.8,
"Austin, TX",30.268,-97.743,2023-03-02,71.2,85.7,0.822,100,rain,22.4,9.9,90.7,4.9,
"Austin, TX",30.268,-97.743,2023-03-03,60.2,40.5,0.013,100,rain,18.3,8.8,12.2,9.5,
"Austin, TX",30.268,-97.743,2023-03-04,62.2,58.7,0,0,,12.1,4.8,0.3,9.9,
"Austin, TX",30.268,-97.743,2023-03-05,65.3,70.8,0,0,,11,6.2,31.5,9.2,
"Austin, TX",30.268,-97.743,2023-03-06,69.1,78.9,0,0,,11,4.8,61,8.9,
"Austin, TX",30.268,-97.743,2023-03-07,72.2,85.3,0,0,,9.3,5.4,83.7,6.6,
"Austin, TX",30.268,-97.743,2023-03-08,71.7,77.1,0,0,,10,5.7,77,8.9,
"Austin, TX",30.268,-97.743,2023-03-09,70.7,69.5,0,0,,11.2,6.1,80,9.3,
"Austin, TX",30.268,-97.743,2023-03-10,64.1,74.5,0,0,,12.1,6.3,58.3,9.7,
"Austin, TX",30.268,-97.743,2023-03-11,74.1,73.1,0,0,,12.7,7.6,41.1,8.6,
"Austin, TX",30.268,-97.743,2023-03-12,67.2,66.2,0,0,,13.8,9,23.6,9.5,
"Austin, TX",30.268,-97.743,2023-03-13,58.5,46.4,0,0,,17.2,8.6,21.6,9.9,
"Austin, TX",30.268,-97.743,2023-03-14,57,49.1,0,0,,10.5,6,57.6,9.9,
"Austin, TX",30.268,-97.743,2023-03-15,60.2,63.8,0,0,,14,7,66,9.8,
"Austin, TX",30.268,-97.743,2023-03-16,69.1,84.5,0.207,100,rain,17,8.8,82.3,9.4,
"Austin, TX",30.268,-97.743,2023-03-17,49.8,51.5,0.154,100,rain,16.9,12,66.8,9.8,
"Austin, TX",30.268,-97.743,2023-03-18,49.5,43.9,0,0,,8.5,4.6,82.1,9.9,
"Austin, TX",30.268,-97.743,2023-03-19,48.7,50.7,0,0,,6.9,3.9,29,9.9,
"Austin, TX",30.268,-97.743,2023-03-20,49.2,66.4,0,0,,12.4,5.9,80,9.9,
"Austin, TX",30.268,-97.743,2023-03-21,60.2,97.9,0.229,100,rain,10.7,6.3,100,4,
"Austin, TX",30.268,-97.743,2023-03-22,72.2,83.2,0,0,,13.8,9.4,97.8,8.8,
"Austin, TX",30.268,-97.743,2023-03-23,75,77.5,0,0,,16.8,10.5,94.7,9.3,
"Austin, TX",30.268,-97.743,2023-03-24,74.2,64,0.052,100,rain,10.5,6.1,56.1,8.9,
"Austin, TX",30.268,-97.743,2023-03-25,67,33,0,0,,8.6,4.8,7.2,9.9,
"Austin, TX",30.268,-97.743,2023-03-26,64.4,72.2,0,0,,9.2,2.9,24.3,9.9,
"Austin, TX",30.268,-97.743,2023-03-27,68.9,58.7,0,0,,13.9,6.4,64.3,9.8,
"Austin, TX",30.268,-97.743,2023-03-28,64.5,40.5,0.003,100,rain,17.9,11.2,57.8,9.9,
"Austin, TX",30.268,-97.743,2023-03-29,62.5,48.3,0,0,,9,6.2,86.4,9.9,
"Austin, TX",30.268,-97.743,2023-03-30,67.8,85.2,0.033,100,rain,13.9,8.1,96.9,7.9,
"Austin, TX",30.268,-97.743,2023-03-31,75.9,70.3,0,0,,14.2,8.1,52,9.9,
"Austin, TX",30.268,-97.743,2023-04-01,68,40.3,0,0,,9.6,4.3,15.9,9.9,
"Austin, TX",30.268,-97.743,2023-04-02,72.4,64.2,0,0,,11.4,5,67,9.7,
"Austin, TX",30.268,-97.743,2023-04-03,78.3,75.7,0,0,,12.3,7.7,54.2,9,
"Austin, TX",30.268,-97.743,2023-04-04,77.8,77,0,0,,13.4,9.7,81.2,8.3,
"Austin, TX",30.268,-97.743,2023-04-05,69.7,51.7,0,0,,16.3,11,92.6,8.7,
"Austin, TX",30.268,-97.743,2023-04-06,51.2,85.6,1.644,100,rain,12.3,9,98.8,8,
"Austin, TX",30.268,-97.743,2023-04-07,51.5,94.6,0.549,100,rain,13.4,8.2,99.5,7.4,
"Austin, TX",30.268,-97.743,2023-04-08,57.2,87.8,0,0,,7.4,4.7,99.5,8.9,
"Austin, TX",30.268,-97.743,2023-04-09,64.2,79.4,0,0,,7.8,2.9,90.3,9.7,
"Austin, TX",30.268,-97.743,2023-04-10,63.3,81.5,0,0,,6.3,2,55.6,9.8,
"Austin, TX",30.268,-97.743,2023-04-11,63.7,72.5,0,0,,9.2,3.1,23.6,9.5,
"Austin, TX",30.268,-97.743,2023-04-12,64.4,65.9,0,0,,8.2,2.7,19.1,9.9,
"Austin, TX",30.268,-97.743,2023-04-13,66.4,67.9,0,0,,9.8,4.7,27,9.8,10
"Austin, TX",30.268,-97.743,2023-04-14,68.7,83.2,0,0,,14.8,7.3,71.1,9.8,75
"Austin, TX",30.268,-97.743,2023-04-15,75.7,63.3,0.013,100,rain,11.2,6.6,38.8,9.8,75
"Austin, TX",30.268,-97.743,2023-04-16,65.4,39.3,0,0,,15.4,9.3,3.2,9.9,10
"Austin, TX",30.268,-97.743,2023-04-17,64.5,52,0,0,,11.2,5,26.2,9.9,10
"Austin, TX",30.268,-97.743,2023-04-18,69.2,73.6,0.008,100,rain,17.4,8.9,80.4,9.4,30
"Austin, TX",30.268,-97.743,2023-04-19,73.6,78.8,0,0,,15.6,9.5,97.6,9.8,60
"Austin, TX",30.268,-97.743,2023-04-20,75.3,82.3,0.152,100,rain,12.3,8,87,8.8,100
"Austin, TX",30.268,-97.743,2023-04-21,69.6,75.2,0.212,100,rain,9.6,4.9,61,9.6,15
"Austin, TX",30.268,-97.743,2023-04-22,65.2,71.7,0,0,,13.4,5.9,36.4,9.8,10
"Austin, TX",30.268,-97.743,2023-04-23,58.4,75.7,0.006,100,rain,21.5,11,97.4,9.9,10
"Austin, TX",30.268,-97.743,2023-04-24,60.5,77.9,0,0,,8.7,6.5,85.7,9.9,10
"Austin, TX",30.268,-97.743,2023-04-25,66.3,92.7,0.069,100,rain,6.8,3.7,94.2,9.5,30
"Austin, TX",30.268,-97.743,2023-04-26,74.5,88.8,0.049,100,rain,13.1,7.3,85.2,7.3,100
"Austin, TX",30.268,-97.743,2023-04-27,69.4,71.1,0.492,100,rain,14,5.7,46.3,9.3,15
"Austin, TX",30.268,-97.743,2023-04-28,67.7,83,0.521,100,rain,18.5,7.1,42.7,9,75
"Austin, TX",30.268,-97.743,2023-04-29,63.5,52,0,0,,18,10.1,13.9,9.9,10
"Austin, TX",30.268,-97.743,2023-04-30,70.7,46.4,0,0,,15.2,6.3,1,9.9,10
"Austin, TX",30.268,-97.743,2023-05-01,70.8,53.8,0,0,,9.8,4.7,18.1,9.9,10
"Austin, TX",30.268,-97.743,2023-05-02,72.4,75,0,0,,9.1,4.5,71.4,9.7,30
"Austin, TX",30.268,-97.743,2023-05-03,73.6,70.1,0,0,,9.1,4,27,9.5,30
"Austin, TX",30.268,-97.743,2023-05-04,74.3,81.8,0,0,,10.1,5.6,68.5,9.2,75
"Austin, TX",30.268,-97.743,2023-05-05,81.3,74,0.004,100,rain,16.6,7.7,60.8,7.2,100
"Austin, TX",30.268,-97.743,2023-05-06,77.3,76.3,0,0,,12.3,6.9,64.2,8.9,100
"Austin, TX",30.268,-97.743,2023-05-07,77.6,72,0,0,,14.2,7.2,56.9,9,75
"Austin, TX",30.268,-97.743,2023-05-08,78.1,74.7,0,0,,12.7,6.2,62.4,8.9,100
"Austin, TX",30.268,-97.743,2023-05-09,72.1,86.7,0.133,100,rain,9.8,4.3,78.4,8.5,60
"Austin, TX",30.268,-97.743,2023-05-10,73.2,84.1,0.073,100,rain,8,3.9,94.4,9.5,60
"Austin, TX",30.268,-97.743,2023-05-11,79.6,79.8,0,0,,10.3,7.4,72,7.2,100
"Austin, TX",30.268,-97.743,2023-05-12,79.8,80.6,0.003,100,rain,16.8,8.6,88.5,7.6,100
"Austin, TX",30.268,-97.743,2023-05-13,68.6,91.4,1.975,100,rain,11.2,4.1,76.4,8.4,60
"Austin, TX",30.268,-97.743,2023-05-14,72.9,84.4,0.045,100,rain,6.5,1.7,57.4,8.9,30
"Austin, TX",30.268,-97.743,2023-05-15,74.3,82.6,0.747,100,rain,10.3,2.9,62.2,9.6,60
"Austin, TX",30.268,-97.743,2023-05-16,73.9,81.7,0.038,100,rain,8.6,2.9,54.9,9.4,30
"Austin, TX",30.268,-97.743,2023-05-17,76.3,67.5,0,0,,5.3,2.2,19.9,9.8,30
"Austin, TX",30.268,-97.743,2023-05-18,77.4,68.4,0,0,,7.8,2.6,17.2,9.8,60
"Austin, TX",30.268,-97.743,2023-05-19,79.8,69.4,0,0,,12.3,5.8,15.9,9.8,60
"Austin, TX",30.268,-97.743,2023-05-20,74.1,73.9,0.059,100,rain,10.9,6.4,67,9.7,30
"Austin, TX",30.268,-97.743,2023-05-21,70.1,77,0.038,100,rain,5.6,2.5,70.5,8.1,10
"Austin, TX",30.268,-97.743,2023-05-22,73.4,74.1,0,0,,6.8,2,40.7,8.5,30
"Austin, TX",30.268,-97.743,2023-05-23,78.5,70,0,0,,9,4,34.3,9.7,75
"Austin, TX",30.268,-97.743,2023-05-24,73.3,77.5,0.853,100,rain,11.8,5.9,47.6,9.6,30
"Austin, TX",30.268,-97.743,2023-05-25,75,73.3,0,0,,6.6,3.2,34.5,9.4,10
"Austin, TX",30.268,-97.743,2023-05-26,76.7,66.8,0,0,,7.8,2.8,32.8,9.7,10
"Austin, TX",30.268,-97.743,2023-05-27,76.1,69,0,0,,8.1,3.1,38.9,9.1,10
"Austin, TX",30.268,-97.743,2023-05-28,76.8,68,0,0,,11.2,4.9,49.7,9.7,30
"Austin, TX",30.268,-97.743,2023-05-29,76.5,71.6,0.008,100,rain,11,3.6,43,9.7,10
"Austin, TX",30.268,-97.743,2023-05-30,77.8,68.8,0,0,,9.8,3.5,19.9,9.7,30
"Austin, TX",30.268,-97.743,2023-05-31,78.9,67.8,0,0,,10.5,4.7,26,9.8,30
"Austin, TX",30.268,-97.743,2023-06-01,79.6,69.8,0,0,,11,6.5,41.8,9.8,30
"Austin, TX",30.268,-97.743,2023-06-02,79.9,68.1,0,0,,12.8,5.5,34.3,9.6,30
"Austin, TX",30.268,-97.743,2023-06-03,80.1,56.4,0.154,100,rain,10.9,5.4,34.9,9.8,30
"Austin, TX",30.268,-97.743,2023-06-04,73.5,73.8,0.007,100,rain,5.9,2.5,39.8,9.9,30
"Austin, TX",30.268,-97.743,2023-06-05,75.1,75.9,0.483,100,rain,7.7,3.1,56.9,9.5,30
"Austin, TX",30.268,-97.743,2023-06-06,76.7,71.4,0,0,,5,1.6,20.1,9.8,30
"Austin, TX",30.268,-97.743,2023-06-07,79.7,66.2,0,0,,5.3,1.5,28.4,9.9,60
"Austin, TX",30.268,-97.743,2023-06-08,79.5,69.4,0.007,100,rain,7.2,2.9,21.9,9.9,60
"Austin, TX",30.268,-97.743,2023-06-09,83.6,66.7,0,0,,7.8,3.2,11.5,9.9,75
"Austin, TX",30.268,-97.743,2023-06-10,84.3,65.1,0.223,100,rain,13.2,8,17.1,9.5,100
"Austin, TX",30.268,-97.743,2023-06-11,84.4,63.7,0,0,,13.3,7.3,40.5,9.9,75
"Austin, TX",30.268,-97.743,2023-06-12,85.6,67.4,0,0,,13.8,7.7,41.2,9.8,75
"Austin, TX",30.268,-97.743,2023-06-13,84.9,71.1,0,0,,16.1,7.3,77.3,6.2,100
"Austin, TX",30.268,-97.743,2023-06-14,86,69.2,0,0,,9.2,6.1,70.1,6.8,100
"Austin, TX",30.268,-97.743,2023-06-15,88,70.5,0,0,,11.4,7.2,56.2,6.8,100
"Austin, TX",30.268,-97.743,2023-06-16,88.5,67.1,0.023,100,rain,10.1,7.4,46.9,8.6,100
"Austin, TX",30.268,-97.743,2023-06-17,87,72.6,0,0,,10.9,5.8,42.6,8.7,100
"Austin, TX",30.268,-97.743,2023-06-18,89.9,64.4,0,0,,12.3,8.1,42.7,9.3,100
"Austin, TX",30.268,-97.743,2023-06-19,89.2,66,0,0,,13.1,7,37.5,9.8,100
"Austin, TX",30.268,-97.743,2023-06-20,89.9,64.1,0,0,,12.3,7.2,31.3,9.1,75
"Austin, TX",30.268,-97.743,2023-06-21,86.9,70.8,0.266,100,rain,15.1,6.4,42.4,8.9,100
"Austin, TX",30.268,-97.743,2023-06-22,82.6,69.7,0.076,100,rain,9.3,5.1,21,9.7,75
"Austin, TX",30.268,-97.743,2023-06-23,86.7,68.9,0,0,,13.3,6.1,32.1,9.2,75
"Austin, TX",30.268,-97.743,2023-06-24,88.2,64.2,0,0,,13.4,8.1,16.8,9.9,60
"Austin, TX",30.268,-97.743,2023-06-25,88.7,63.4,0,0,,11.4,8.9,26.8,9.9,60
"Austin, TX",30.268,-97.743,2023-06-26,88.8,62.5,0,0,,11.6,8.2,8,9.9,30
"Austin, TX",30.268,-97.743,2023-06-27,88.9,60.8,0,0,,12.7,7.6,3.2,9.9,30
"Austin, TX",30.268,-97.743,2023-06-28,88,59.3,0,0,,12.2,8.1,10,9.9,30
"Austin, TX",30.268,-97.743,2023-06-29,87.9,59.6,0,0,,11.4,8,26.7,9.9,60
"Austin, TX",30.268,-97.743,2023-06-30,87.4,59.8,0,0,,10.8,7.8,37.5,9.9,30
"Austin, TX",30.268,-97.743,2023-07-01,87,63.3,0,0,,10.5,6.6,51.1,9.9,30
"Austin, TX",30.268,-97.743,2023-07-02,86.3,56.5,0,0,,9.1,3.6,27.1,9.9,30
"Austin, TX",30.268,-97.743,2023-07-03,87.4,57.1,0,0,,9.6,5.3,23.2,9.9,30
"Austin, TX",30.268,-97.743,2023-07-04,85.2,64.7,0,0,,10.2,6.3,21.9,9.9,30
"Austin, TX",30.268,-97.743,2023-07-05,86.5,65.8,0,0,,12.6,7.7,41.6,9.9,60
"Austin, TX",30.268,-97.743,2023-07-06,83,72.8,0.051,100,rain,12.4,6.6,51.2,9.9,30
"Austin, TX",30.268,-97.743,2023-07-07,82.6,70.1,0,0,,12,5.8,45.9,9.9,30
"Austin, TX",30.268,-97.743,2023-07-08,88,61.1,0,0,,10.2,5.9,32.1,9.9,30
"Austin, TX",30.268,-97.743,2023-07-09,89.3,58.5,0,0,,15.4,8,18,9.9,30
"Austin, TX",30.268,-97.743,2023-07-10,90.3,58,0,0,,9.2,6.6,18.2,9.9,60
"Austin, TX",30.268,-97.743,2023-07-11,89.9,59.6,0,0,,13.6,8.5,19.3,9.9,60
"Austin, TX",30.268,-97.743,2023-07-12,91.2,56.7,0,0,,17.2,9.6,22.6,9.9,60
"Austin, TX",30.268,-97.743,2023-07-13,91,58.4,0,0,,15.9,9.1,33.8,9.9,30
"Austin, TX",30.268,-97.743,2023-07-14,90.6,57.5,0,0,,14.8,9.7,32.5,9.9,30
"Austin, TX",30.268,-97.743,2023-07-15,90.8,54.4,0,0,,14.3,7.5,28.5,9.8,30
"Austin, TX",30.268,-97.743,2023-07-16,90.3,53.6,0,0,,10.3,5.9,21.6,9.7,30
"Austin, TX",30.268,-97.743,2023-07-17,91.2,45.3,0,0,,12,6.9,1.8,9.8,15
"Austin, TX",30.268,-97.743,2023-07-18,91.4,51.6,0,0,,11.4,7.8,4,9.9,30
"Austin, TX",30.268,-97.743,2023-07-19,90.7,54.3,0,0,,15.4,8.3,11,9.8,60
"Austin, TX",30.268,-97.743,2023-07-20,90.3,53.4,0,0,,11,6.8,24.1,9.8,60
"Austin, TX",30.268,-97.743,2023-07-21,89,52.9,0,0,,10.5,5.3,9.4,9.8,30
"Austin, TX",30.268,-97.743,2023-07-22,89.8,51.6,0.008,100,rain,5.9,3.3,27.1,9.9,30
"Austin, TX",30.268,-97.743,2023-07-23,91.4,47.6,0,0,,8.5,4.5,20.7,9.9,60
"Austin, TX",30.268,-97.743,2023-07-24,89.1,51.7,0,0,,11.3,3.4,8.4,9.9,30
"Austin, TX",30.268,-97.743,2023-07-25,89,55.2,0,0,,10.7,5,8.7,9.9,60
"Austin, TX",30.268,-97.743,2023-07-26,89.3,56.3,0,0,,8.7,6.7,23.1,9.6,60
"Austin, TX",30.268,-97.743,2023-07-27,88.5,53.7,0,0,,12.3,6.8,15,9.7,30
"Austin, TX",30.268,-97.743,2023-07-28,88.6,51.4,0,0,,10,5.1,10.3,9.8,30
"Austin, TX",30.268,-97.743,2023-07-29,88.6,47,0,0,,10.5,5,5.3,9.8,10
"Austin, TX",30.268,-97.743,2023-07-30,90,49,0,0,,10.7,4.1,6.1,9.9,30
"Austin, TX",30.268,-97.743,2023-07-31,91.7,47.5,0,0,,11,5.3,12.3,9.9,30
"Austin, TX",30.268,-97.743,2023-08-01,89.7,51.8,0,0,,8.7,4.7,16.5,9.9,30
"Austin, TX",30.268,-97.743,2023-08-02,91.2,46,0,0,,13.9,6.1,4.7,9.9,10
"Austin, TX",30.268,-97.743,2023-08-03,90,55.2,0,0,,10.5,7,10.3,9.9,60
"Austin, TX",30.268,-97.743,2023-08-04,90.9,54.1,0,0,,11.3,7.4,14.8,9.9,60
"Austin, TX",30.268,-97.743,2023-08-05,91.2,50.5,0,0,,10.6,7.6,6.6,9.9,60
"Austin, TX",30.268,-97.743,2023-08-06,90.3,55.1,0,0,,11.4,7.9,8.8,9.9,30
"Austin, TX",30.268,-97.743,2023-08-07,91.2,53.7,0,0,,10.5,7.9,7.4,9.9,30
"Austin, TX",30.268,-97.743,2023-08-08,90.6,55.7,0,0,,16.3,9.2,14,9.9,30
"Austin, TX",30.268,-97.743,2023-08-09,90.5,58.1,0,0,,16.3,10.1,13.8,9.9,60
"Austin, TX",30.268,-97.743,2023-08-10,91.2,56.2,0,0,,13.9,9.6,17.7,9.9,30
"Austin, TX",30.268,-97.743,2023-08-11,91.3,55.6,0,0,,14.9,9.7,23.7,9.9,60
"Austin, TX",30.268,-97.743,2023-08-12,91,57.4,0,0,,15.9,9.8,22.5,9.9,75
"Austin, TX",30.268,-97.743,2023-08-13,91,56.6,0,0,,16.5,8.8,33.2,9.9,60
"Austin, TX",30.268,-97.743,2023-08-14,90.4,52.4,0,0,,12.8,5.5,13.1,9.9,30
"Austin, TX",30.268,-97.743,2023-08-15,89.9,39.8,0,0,,10.7,5.9,5.7,9.9,30
"Austin, TX",30.268,-97.743,2023-08-16,89,33,0,0,,8.4,3.5,4.6,9.9,10
"Austin, TX",30.268,-97.743,2023-08-17,91.8,41.6,0,0,,7.4,4.6,2.1,9.9,30
"Austin, TX",30.268,-97.743,2023-08-18,91.4,42.8,0,0,,8.8,5.3,3.6,9.9,15
"Austin, TX",30.268,-97.743,2023-08-19,89.5,51.7,0,0,,10,5.5,11.2,9.9,60
"Austin, TX",30.268,-97.743,2023-08-20,91.5,47.9,0,0,,6.1,3,14.1,9.9,30
"Austin, TX",30.268,-97.743,2023-08-21,92.5,40.4,0,0,,14.3,5.7,16.4,9.9,10
"Austin, TX",30.268,-97.743,2023-08-22,86.5,61.9,0.111,100,rain,13.2,5.7,30.4,9.8,30
"Austin, TX",30.268,-97.743,2023-08-23,88.1,60.7,0,0,,12.2,6.5,27.3,9.9,60
"Austin, TX",30.268,-97.743,2023-08-24,91.1,48.6,0,0,,7.3,3.4,22.1,9.9,10
"Austin, TX",30.268,-97.743,2023-08-25,92.5,43.3,0,0,,10,3.5,8.4,9.9,30
"Austin, TX",30.268,-97.743,2023-08-26,90.9,47.6,0,0,,12,4.2,6.4,9.9,30
"Austin, TX",30.268,-97.743,2023-08-27,90,47.9,0,0,,15.2,4.5,16.5,9.8,10
"Austin, TX",30.268,-97.743,2023-08-28,86.5,54.8,0,0,,11.2,5.1,23.6,9.9,30
"Austin, TX",30.268,-97.743,2023-08-29,87.5,48.2,0,0,,10.8,5.4,23.3,9.9,10
"Austin, TX",30.268,-97.743,2023-08-30,86.4,40.9,0,0,,11.2,3.9,12.8,9.9,10
"Austin, TX",30.268,-97.743,2023-08-31,87.3,37.6,0,0,,10.5,3.9,6.6,9.9,10
"Austin, TX",30.268,-97.743,2023-09-01,87.1,44.8,0,0,,7.5,3.6,11.2,9.9,10
"Austin, TX",30.268,-97.743,2023-09-02,87.6,44.1,0,0,,8.2,3,8.8,9.9,30
"Austin, TX",30.268,-97.743,2023-09-03,88.3,47.6,0,0,,9.3,4.7,8.6,9.9,30
"Austin, TX",30.268,-97.743,2023-09-04,88.5,58.4,0,0,,13.9,7.8,27.3,9.8,60
"Austin, TX",30.268,-97.743,2023-09-05,90,57.6,0,0,,12.4,8.5,25,9.9,75
"Austin, TX",30.268,-97.743,2023-09-06,89.5,56.2,0,0,,8.9,4.8,23.5,9.9,60
"Austin, TX",30.268,-97.743,2023-09-07,91.6,50.3,0,0,,10.5,5.4,6.5,9.9,60
"Austin, TX",30.268,-97.743,2023-09-08,92.8,41.6,0,0,,9.8,5.3,2.2,9.9,30
"Austin, TX",30.268,-97.743,2023-09-09,89.8,48.7,0,0,,12.9,6.2,15.5,9.9,30
"Austin, TX",30.268,-97.743,2023-09-10,88.2,44.2,0,0,,8.7,5.7,9.9,9.9,30
"Austin, TX",30.268,-97.743,2023-09-11,85,44.9,0,0,,9.6,5.2,24.1,9.9,30
"Austin, TX",30.268,-97.743,2023-09-12,84.8,52.1,0,0,,9,5.8,33.5,9.9,10
"Austin, TX",30.268,-97.743,2023-09-13,79,69.6,0.163,100,rain,13.1,6,53.4,9.3,10
"Austin, TX",30.268,-97.743,2023-09-14,78,83.9,0.318,100,rain,10.5,3.4,77.2,7.9,30
"Austin, TX",30.268,-97.743,2023-09-15,78.8,81.3,0.018,100,rain,7.2,3.6,51.6,7.5,60
"Austin, TX",30.268,-97.743,2023-09-16,76.6,82.1,0.361,100,rain,10.4,3.3,35.3,9.5,30
"Austin, TX",30.268,-97.743,2023-09-17,80,67.2,0.023,100,rain,7.6,3.3,21.7,9.8,10
"Austin, TX",30.268,-97.743,2023-09-18,81.5,52.5,0,0,,7.4,2.4,9.7,9.9,10
"Austin, TX",30.268,-97.743,2023-09-19,83.8,54.3,0,0,,11.7,6.9,8.9,9.9,10
"Austin, TX",30.268,-97.743,2023-09-20,84.5,58.9,0,0,,10.6,6.7,10.6,9.9,15
"Austin, TX",30.268,-97.743,2023-09-21,85.2,65.3,0,0,,10.7,5.7,41.3,9.9,60
"Austin, TX",30.268,-97.743,2023-09-22,86.2,63.1,0,0,,11.9,6.8,37.8,9.9,60
"Austin, TX",30.268,-97.743,2023-09-23,87.9,62.6,0,0,,11.2,7.5,25.8,9.9,75
"Austin, TX",30.268,-97.743,2023-09-24,88.1,62.4,0.384,100,rain,15.1,9.2,30.5,9.6,60
"Austin, TX",30.268,-97.743,2023-09-25,84.4,71.6,0.202,100,rain,9.8,3.9,39,9.9,60
"Austin, TX",30.268,-97.743,2023-09-26,83.8,60.5,0,0,,9,3.8,10.5,9.9,30
"Austin, TX",30.268,-97.743,2023-09-27,82.9,59.8,0,0,,6.5,1.9,16.8,9.9,60
"Austin, TX",30.268,-97.743,2023-09-28,82.6,62.1,0,0,,8,3.4,5.2,9.9,30
"Austin, TX",30.268,-97.743,2023-09-29,83.3,59.6,0,0,,10.3,4.5,15.3,9.5,30
"Austin, TX",30.268,-97.743,2023-09-30,82.8,60.9,0,0,,13.5,4.6,21.3,9.9,30
"Austin, TX",30.268,-97.743,2023-10-01,81.5,57.1,0,0,,9.6,4.4,30.9,9.9,10
"Austin, TX",30.268,-97.743,2023-10-02,81.7,53,0,0,,10.3,5.1,21.2,9.9,10
"Austin, TX",30.268,-97.743,2023-10-03,80.5,65.2,0,0,,10.1,4.5,35.2,9.9,30
"Austin, TX",30.268,-97.743,2023-10-04,85.1,70.1,0,0,,16.5,6.2,66.7,9.9,60
"Austin, TX",30.268,-97.743,2023-10-05,74.1,84.9,1.466,100,rain,13.1,4.9,75.5,9.2,60
"Austin, TX",30.268,-97.743,2023-10-06,76.3,63.1,0,0,,15,6.3,19.1,9.9,10
"Austin, TX",30.268,-97.743,2023-10-07,68.8,41.4,0,0,,14.1,8.3,17.9,9.9,10
"Austin, TX",30.268,-97.743,2023-10-08,65.4,46.1,0,0,,6.4,2.4,10.8,9.9,10
"Austin, TX",30.268,-97.743,2023-10-09,69.3,55.9,0,0,,11.7,4.6,11,9.9,10
"Austin, TX",30.268,-97.743,2023-10-10,70.9,71.4,0.003,100,rain,10.8,4.4,46.3,9.9,10
"Austin, TX",30.268,-97.743,2023-10-11,68.1,86.5,0,0,,8.6,4.5,78.5,9.8,10
"Austin, TX",30.268,-97.743,2023-10-12,72,82.8,0,0,,15,8.1,83.2,8.2,10
"Austin, TX",30.268,-97.743,2023-10-13,78.2,67.8,0,0,,11.4,5.7,69,9.4,30
"Austin, TX",30.268,-97.743,2023-10-14,67.7,36.5,0,0,,14,8,20.8,9.9,10
"Austin, TX",30.268,-97.743,2023-10-15,64.1,40.9,0,0,,14.5,8.5,4.8,9.9,10
"Austin, TX",30.268,-97.743,2023-10-16,61.1,49,0,0,,12.4,6.7,0.3,9.9,10
"Austin, TX",30.268,-97.743,2023-10-17,60.2,51.4,0,0,,6.2,2.4,0.8,9.9,10
"Austin, TX",30.268,-97.743,2023-10-18,66.4,53.2,0,0,,11.6,5.1,0.9,9.9,10
"Austin, TX",30.268,-97.743,2023-10-19,71,55.2,0,0,,10.7,4.3,1.7,9.9,10
"Austin, TX",30.268,-97.743,2023-10-20,74.5,37.7,0,0,,6.6,3,3.5,9.9,10
"Austin, TX",30.268,-97.743,2023-10-21,75.9,43.4,0,0,,6.8,2.6,14.3,9.9,10
"Austin, TX",30.268,-97.743,2023-10-22,76.2,71.2,0,0,,10.5,5.5,28.3,9.5,10
"Austin, TX",30.268,-97.743,2023-10-23,73.3,92.1,1.062,100,rain,9.1,5.7,85.9,8.8,10
"Austin, TX",30.268,-97.743,2023-10-24,74.5,91.4,0.443,100,rain,13,8.9,96.5,9.6,10
"Austin, TX",30.268,-97.743,2023-10-25,77,85.2,0.012,100,rain,13.1,9.6,86.4,9.3,30
"Austin, TX",30.268,-97.743,2023-10-26,75,94.4,2.494,100,rain,12.1,5.7,84,8.1,30
"Austin, TX",30.268,-97.743,2023-10-27,78,89.2,0.319,100,rain,10.7,6,90.7,8.7,30
"Austin, TX",30.268,-97.743,2023-10-28,78.3,84.9,0.016,100,rain,12.6,7.1,72.6,9.6,30
"Austin, TX",30.268,-97.743,2023-10-29,61.8,92,0.143,100,rain,14.4,9,95.7,9.2,10
"Austin, TX",30.268,-97.743,2023-10-30,43.1,78.6,0.377,100,rain,15.4,11.6,99.8,9.2,10
"Austin, TX",30.268,-97.743,2023-10-31,49.5,49.1,0,0,,14.5,8.7,46,9.9,10
"Austin, TX",30.268,-97.743,2023-11-01,47.7,56.4,0,0,,8.6,4.1,0,9.9,10
"Austin, TX",30.268,-97.743,2023-11-02,49.4,63.1,0,0,,7.9,2,12.6,9.9,10
"Austin, TX",30.268,-97.743,2023-11-03,60,72.5,0,0,,11.4,3.5,37.9,9.9,10
"Austin, TX",30.268,-97.743,2023-11-04,65.6,81,0,0,,10.2,3.2,48.4,8.1,10
"Austin, TX",30.268,-97.743,2023-11-05,67.3,81.4,0,0,,7.5,3.1,40,7.6,10
"Austin, TX",30.268,-97.743,2023-11-06,70.6,78.6,0,0,,10.8,5.7,50.6,9.6,10
"Austin, TX",30.268,-97.743,2023-11-07,72.9,75.6,0,0,,15.8,8.1,19.7,9.9,10
"Austin, TX",30.268,-97.743,2023-11-08,73.3,82.1,0,0,,12.4,7.3,70.1,9.9,5
"Austin, TX",30.268,-97.743,2023-11-09,67.2,93.2,0.323,100,rain,11.8,6,98.4,8.5,10
"Austin, TX",30.268,-97.743,2023-11-10,54.7,94.9,0.432,100,rain,11.9,8.6,100,8.3,10
"Austin, TX",30.268,-97.743,2023-11-11,57.1,87,0,0,,11.2,5.3,99.9,9.2,10
"Austin, TX",30.268,-97.743,2023-11-12,57.9,90.5,0.158,100,rain,8.4,4.8,97.6,9,10
"Austin, TX",30.268,-97.743,2023-11-13,59.1,80.6,0.049,100,rain,11.7,7,97.6,9.8,10
"Austin, TX",30.268,-97.743,2023-11-14,62,67.5,0,0,,8.8,4.2,38.6,9.8,10
"Austin, TX",30.268,-97.743,2023-11-15,60.5,76.5,0,0,,6.7,2.6,2.3,9.7,10
"Austin, TX",30.268,-97.743,2023-11-16,55.9,91.8,0,0,,5.9,2.1,52.9,6.6,10
"Austin, TX",30.268,-97.743,2023-11-17,64.8,80.3,0,0,,15.1,6.4,60.5,7.4,10
"Austin, TX",30.268,-97.743,2023-11-18,63.1,80.9,0,0,,9.1,4.6,94,9.6,10
"Austin, TX",30.268,-97.743,2023-11-19,61.6,96.4,0.068,100,rain,6.7,3,88.1,4.3,10
"Austin, TX",30.268,-97.743,2023-11-20,69.4,75,0,0,,10.9,5.7,59.7,8.2,10
"Austin, TX",30.268,-97.743,2023-11-21,55.7,59.4,0,0,,22,11.4,57.3,9.9,10
"Austin, TX",30.268,-97.743,2023-11-22,51,50.2,0,0,,7.2,3.7,7,9.9,10
"Austin, TX",30.268,-97.743,2023-11-23,49.5,72,0,0,,7.4,2.8,51.3,9.7,10
"Austin, TX",30.268,-97.743,2023-11-24,52,74,0,0,,8.9,2.5,13.9,9.8,10
"Austin, TX",30.268,-97.743,2023-11-25,53.2,72,0,0,,8.6,2.9,84.5,9.9,10
"Austin, TX",30.268,-97.743,2023-11-26,50.6,62.9,0,0,,15.4,8.1,54.6,9.9,10
"Austin, TX",30.268,-97.743,2023-11-27,47,50,0,0,,7.7,4.6,35.4,9.9,10
"Austin, TX",30.268,-97.743,2023-11-28,51.6,45.7,0,0,,6.9,2.1,52.8,9.9,10
"Austin, TX",30.268,-97.743,2023-11-29,54,63.5,0,0,,9.7,3.8,86.2,9.9,10
"Austin, TX",30.268,-97.743,2023-11-30,63.1,95,0.149,100,rain,11.8,5.1,70.6,6.1,30
"Austin, TX",30.268,-97.743,2023-12-01,59.2,70.4,0,0,,9.9,4.6,15.7,9.8,10
"Austin, TX",30.268,-97.743,2023-12-02,55.4,68.5,0,0,,7.1,3,24.3,9.9,10
"Austin, TX",30.268,-97.743,2023-12-03,58,48.4,0,0,,12.5,4.3,16.8,9.9,10
"Austin, TX",30.268,-97.743,2023-12-04,56.1,41.4,0,0,,10.3,4.5,5.5,9.9,10
"Austin, TX",30.268,-97.743,2023-12-05,53.7,61.4,0,0,,3.2,0.8,5.2,9.9,10
"Austin, TX",30.268,-97.743,2023-12-06,53.6,61.2,0,0,,4.7,1.2,7.6,9.9,10
"Austin, TX",30.268,-97.743,2023-12-07,58.9,75.4,0,0,,12.3,5.4,59.8,9.8,10
"Austin, TX",30.268,-97.743,2023-12-08,66.1,85.3,0,0,,12.8,7,71.8,9.9,5
"Austin, TX",30.268,-97.743,2023-12-09,65.9,67.1,0,0,,17.2,8.2,60.4,8.8,10
"Austin, TX",30.268,-97.743,2023-12-10,47.7,35.7,0,0,,16.1,7.1,1.9,9.9,10
"Austin, TX",30.268,-97.743,2023-12-11,46.8,50,0,0,,12.8,3.7,3,9.9,10
"Austin, TX",30.268,-97.743,2023-12-12,54.1,66.5,0,0,,11.3,4.9,47.6,9.9,10
"Austin, TX",30.268,-97.743,2023-12-13,53.8,67.2,0.077,100,rain,6.7,4.9,99.4,9.5,10
"Austin, TX",30.268,-97.743,2023-12-14,57.7,63.1,0.008,100,rain,9.9,5.6,89.2,9.9,10
"Austin, TX",30.268,-97.743,2023-12-15,58.3,91.6,0.341,100,rain,8.4,4.9,99.5,6.6,10
"Austin, TX",30.268,-97.743,2023-12-16,52.1,70.9,0,0,,15.2,6.4,2.1,9.9,10
"Austin, TX",30.268,-97.743,2023-12-17,51.9,60.8,0,0,,9.8,2.9,4.7,9.9,10
"Austin, TX",30.268,-97.743,2023-12-18,53.6,60.5,0,0,,15,5.7,2.8,9.9,10
"Austin, TX",30.268,-97.743,2023-12-19,52.2,62.8,0,0,,9.2,4.5,16.5,9.9,10
"Austin, TX",30.268,-97.743,2023-12-20,60.3,79.7,0,0,,15.8,5.9,80,9.8,10
"Austin, TX",30.268,-97.743,2023-12-21,60.8,96,0.166,100,rain,8.9,4.7,99.6,8.4,10
"Austin, TX",30.268,-97.743,2023-12-22,62.9,93.7,0.046,100,rain,5.8,2.7,79.3,5.8,10
"Austin, TX",30.268,-97.743,2023-12-23,64,96.4,0.284,100,rain,12.2,5.2,99.3,6.8,10
"Austin, TX",30.268,-97.743,2023-12-24,63.3,81.1,1.235,100,rain,10.3,5.4,58,8.3,10
"Austin, TX",30.268,-97.743,2023-12-25,47.9,61.5,0,0,,10.5,6,8.9,9.9,10
"Austin, TX",30.268,-97.743,2023-12-26,45.1,69.5,0,0,,9.4,3.1,14.2,9.9,10
"Austin, TX",30.268,-97.743,2023-12-27,50.4,59.7,0,0,,10.6,5.5,3.7,9.9,10
"Austin, TX",30.268,-97.743,2023-12-28,47.9,64,0,0,,11.2,4.3,5.9,9.9,10
"Austin, TX",30.268,-97.743,2023-12-29,45.5,61,0,0,,10.5,5,2.7,9.9,10
"Austin, TX",30.268,-97.743,2023-12-30,50.9,50.8,0,0,,7.2,3.4,3,9.9,10
"Austin, TX",30.268,-97.743,2023-12-31,54.8,60.7,0,0,,11.2,3,7.6,9.9,10
"Austin, TX",30.268,-97.743,2024-01-01,49.8,68.5,0,0,,12.6,7.7,34.1,9.1,10
"Austin, TX",30.268,-97.743,2024-01-02,45.8,79.3,1.099,100,rain,10,5.4,96.3,8.2,10
"Austin, TX",30.268,-97.743,2024-01-03,46.7,89.1,0,0,,8.4,5.3,99.6,9.2,10
"Austin, TX",30.268,-97.743,2024-01-04,48.3,87.4,0.033,100,rain,9.2,3.4,82.7,7.4,10
"Austin, TX",30.268,-97.743,2024-01-05,53.3,75.8,0.02,100,rain,9,3.2,47.5,8.7,10
"Austin, TX",30.268,-97.743,2024-01-06,48.4,72.8,0,0,,5.4,2,12.4,9.9,10
"Austin, TX",30.268,-97.743,2024-01-07,49.7,72.6,0,0,,13,5.7,30.1,9.4,10
"Austin, TX",30.268,-97.743,2024-01-08,57.4,68,0.215,100,rain,16.4,11.9,85.5,7.9,30
"Austin, TX",30.268,-97.743,2024-01-09,46.4,38.5,0,0,,16,9.5,5.7,9.9,10
"Austin, TX",30.268,-97.743,2024-01-10,47.9,54.6,0,0,,13.8,4.4,5.9,9.9,10
"Austin, TX",30.268,-97.743,2024-01-11,56.7,82.8,0,0,,11.8,5.5,24.8,9.1,10
"Austin, TX",30.268,-97.743,2024-01-12,50.8,43.6,0,0,,19.2,9.7,22,9.6,10
"Austin, TX",30.268,-97.743,2024-01-13,45.4,56.2,0,0,,16.8,4.6,15.9,9.9,10
"Austin, TX",30.268,-97.743,2024-01-14,25.5,70.1,0,0,,15.1,11.2,92.8,9.6,10
"Austin, TX",30.268,-97.743,2024-01-15,20.2,83.1,0,0,,14.2,10.9,85.4,8.1,10
"Austin, TX",30.268,-97.743,2024-01-16,24.3,41.3,0,0,,16.2,9,4.7,9.9,10
"Austin, TX",30.268,-97.743,2024-01-17,30.7,50,0,0,,11.4,4.6,13.6,9.9,10
"Austin, TX",30.268,-97.743,2024-01-18,54,52.2,0,0,,8.9,4.1,18.3,9.9,10
"Austin, TX",30.268,-97.743,2024-01-19,41.8,40.8,0,0,,17.3,12.4,2.5,9.9,10
"Austin, TX",30.268,-97.743,2024-01-20,33.6,38.4,0,0,,11.2,7.7,41.8,9.9,10
"Austin, TX",30.268,-97.743,2024-01-21,37.7,68.7,0.034,100,rain,11.2,5.1,100,7.5,10
"Austin, TX",30.268,-97.743,2024-01-22,48.5,98.8,2.773,100,rain,6.8,2.9,100,4.3,10
"Austin, TX",30.268,-97.743,2024-01-23,54.7,99.9,0.164,100,rain,6.5,2.3,100,1.9,10
"Austin, TX",30.268,-97.743,2024-01-24,53,99.3,1.019,100,rain,7.2,3.4,99.9,5.5,10
"Austin, TX",30.268,-97.743,2024-01-25,53.3,91.5,0.108,100,rain,6.3,3.7,70.1,7,10
"Austin, TX",30.268,-97.743,2024-01-26,52.7,93.8,0,0,,10.1,4.4,100,3.1,10
"Austin, TX",30.268,-97.743,2024-01-27,54.4,70.6,0,0,,13.5,7.1,46.8,9.7,10
"Austin, TX",30.268,-97.743,2024-01-28,52.1,62.8,0,0,,5.8,3.2,0.6,9.9,10
"Austin, TX",30.268,-97.743,2024-01-29,55.8,55.6,0,0,,6.3,2.6,4.6,9.8,10
"Austin, TX",30.268,-97.743,2024-01-30,57.6,52.8,0,0,,6.7,2.1,8.5,9.8,10
"Austin, TX",30.268,-97.743,2024-01-31,58,53.9,0,0,,7.5,2.4,12.5,9.9,10
"Austin, TX",30.268,-97.743,2024-02-01,59.7,68.5,0,0,,10.4,4.2,23.4,9.9,10
"Austin, TX",30.268,-97.743,2024-02-02,63.5,90.7,0.476,100,rain,12.5,7.6,98.7,7.4,10
"Austin, TX",30.268,-97.743,2024-02-03,60.8,66.3,0.068,100,rain,9.7,4.3,45.4,9.8,10
"Austin, TX",30.268,-97.743,2024-02-04,59.7,43.2,0,0,,20.1,9,21.9,9.8,10
"Austin, TX",30.268,-97.743,2024-02-05,56.3,62.7,0,0,,14.1,9.6,48.2,9.9,10
"Austin, TX",30.268,-97.743,2024-02-06,56,57.7,0,0,,7,1.9,10.8,9.8,10
"Austin, TX",30.268,-97.743,2024-02-07,57.9,70.2,0,0,,20.1,8.1,33.1,9.7,10
"Austin, TX",30.268,-97.743,2024-02-08,64.8,69.4,0,0,,6.1,1.7,68.1,9.8,10
"Austin, TX",30.268,-97.743,2024-02-09,68,75.4,0,0,,9.4,4.4,75.1,8.5,10
"Austin, TX",30.268,-97.743,2024-02-10,62.8,91.7,0.466,100,rain,9.2,4.5,96.3,7.7,10
"Austin, TX",30.268,-97.743,2024-02-11,55.4,85.2,0.011,100,rain,11.1,7,89.2,7.9,10
"Austin, TX",30.268,-97.743,2024-02-12,50,55.8,0,0,,14.5,8.8,30.3,9.9,10
"Austin, TX",30.268,-97.743,2024-02-13,51.7,61.6,0,0,,8.6,3.8,3.3,9.9,10
"Austin, TX",30.268,-97.743,2024-02-14,55.9,71.5,0,0,,9.2,4.5,47.8,9.8,10
"Austin, TX",30.268,-97.743,2024-02-15,63.5,79.1,0,0,,5.8,2.7,70.9,9.9,10
"Austin, TX",30.268,-97.743,2024-02-16,65.1,68.2,0,0,,12.8,7.5,62.6,9.9,10
"Austin, TX",30.268,-97.743,2024-02-17,44.4,54.6,0,0,,19.2,12.8,41.8,9.9,10
"Austin, TX",30.268,-97.743,2024-02-18,43.5,43,0,0,,7.2,4.1,18.9,9.9,10
"Austin, TX",30.268,-97.743,2024-02-19,49.9,59.5,0,0,,15,4.8,1.1,9.9,10
"Austin, TX",30.268,-97.743,2024-02-20,59.4,73,0,0,,12,5,5.3,9.6,10
"Austin, TX",30.268,-97.743,2024-02-21,67.2,77.2,0,0,,19.7,10.6,68.6,9.6,10
"Austin, TX",30.268,-97.743,2024-02-22,73,52.6,0,0,,10.9,7.6,49.8,9.8,10
"Austin, TX",30.268,-97.743,2024-02-23,65.7,38.8,0,0,,10.3,6.2,5.8,9.9,10
"Austin, TX",30.268,-97.743,2024-02-24,64.3,41.7,0,0,,9,4.5,8.9,9.9,10
"Austin, TX",30.268,-97.743,2024-02-25,68,63.3,0,0,,18.1,7.7,15.1,9.8,10
"Austin, TX",30.268,-97.743,2024-02-26,69.1,81.3,0,0,,15,6.6,27.7,8,15
"Austin, TX",30.268,-97.743,2024-02-27,72,79.8,0,0,,12.8,6.4,67,7.3,15
"Austin, TX",30.268,-97.743,2024-02-28,56.6,49.8,0,0,,19.4,11.2,22.1,9.1,10
"Austin, TX",30.268,-97.743,2024-02-29,46.3,57.4,0.008,100,rain,9.7,5.4,87,9.4,10
"Austin, TX",30.268,-97.743,2024-03-01,54.7,73.7,0,0,,8.1,3.1,48.4,9.3,10
"Austin, TX",30.268,-97.743,2024-03-02,64.6,71.8,0,0,,10.2,5.2,12.8,8.8,10
"Austin, TX",30.268,-97.743,2024-03-03,70,75.9,0,0,,12.2,8,79.5,9.6,30
"Austin, TX",30.268,-97.743,2024-03-04,73.7,73.6,0,0,,10,5.9,68.7,8.8,60
"Austin, TX",30.268,-97.743,2024-03-05,73.8,54,0,0,,9.8,3.1,8.7,8,60
"Austin, TX",30.268,-97.743,2024-03-06,69.1,63,0,0,,9.7,4.7,14,9,10
"Austin, TX",30.268,-97.743,2024-03-07,70.1,80.8,0.003,100,rain,12.4,8.2,93.1,9.2,10
"Austin, TX",30.268,-97.743,2024-03-08,69.7,66.1,0.124,100,rain,14.6,7.4,49.2,8.7,30
"Austin, TX",30.268,-97.743,2024-03-09,53.4,62.9,0,0,,13.5,10.1,48.3,9.9,10
"Austin, TX",30.268,-97.743,2024-03-10,56.7,48.5,0,0,,7.7,3.6,18.5,9.9,10
"Austin, TX",30.268,-97.743,2024-03-11,63.1,50.6,0,0,,12.2,4.3,39.2,9.9,10
"Austin, TX",30.268,-97.743,2024-03-12,66.3,77.1,0,0,,13.7,6.7,80.7,9,10
"Austin, TX",30.268,-97.743,2024-03-13,72.8,76.6,0,0,,12.2,8.6,85.4,9.6,75
"Austin, TX",30.268,-97.743,2024-03-14,74.1,80.4,0.009,100,rain,12.3,9.4,98.7,7.4,100
"Austin, TX",30.268,-97.743,2024-03-15,69.3,81.5,0.194,100,rain,16.6,7.4,85.4,7.8,75
"Austin, TX",30.268,-97.743,2024-03-16,65.8,86.9,0.076,100,rain,9.8,5.3,98.2,7.5,10
"Austin, TX",30.268,-97.743,2024-03-17,62.8,90,0.676,100,rain,17.7,7.3,94.7,8.6,10
"Austin, TX",30.268,-97.743,2024-03-18,59.6,48.2,0,0,,18.5,8.5,50.5,9.9,10
"Austin, TX",30.268,-97.743,2024-03-19,55.5,50.9,0,0,,13.1,4.5,54.8,9.9,10
"Austin, TX",30.268,-97.743,2024-03-20,59.2,70.4,0,0,,10,4,94.4,9.8,10
"Austin, TX",30.268,-97.743,2024-03-21,61.2,90.9,0.15,100,rain,13,3.5,96.4,7.1,10
"Austin, TX",30.268,-97.743,2024-03-22,64.4,76.3,0.037,100,rain,15.6,6.1,43.3,6.5,10
"Austin, TX",30.268,-97.743,2024-03-23,62.1,75.4,0,0,,9.1,2.9,31.8,9.6,10
"Austin, TX",30.268,-97.743,2024-03-24,65.1,78.7,0,0,,14.9,9.6,77.6,9.3,10
"Austin, TX",30.268,-97.743,2024-03-25,67.4,61.3,0.13,100,rain,15.9,6.3,60.7,9.2,10
"Austin, TX",30.268,-97.743,2024-03-26,58.1,44.5,0,0,,13.2,7.3,9.3,9.9,10
"Austin, TX",30.268,-97.743,2024-03-27,54.4,71.8,0.103,100,rain,6.7,2.8,41.8,9.6,10
"Austin, TX",30.268,-97.743,2024-03-28,61.1,70,0,0,,12.3,4.8,2.5,9.4,10
"Austin, TX",30.268,-97.743,2024-03-29,66,73,0,0,,15.9,8.5,37.2,9.1,10
"Austin, TX",30.268,-97.743,2024-03-30,68.7,79.5,0,0,,12.9,7.1,90.3,9.8,10
"Austin, TX",30.268,-97.743,2024-03-31,71.6,82,0,0,,11.6,8.1,95,9.4,15
"Austin, TX",30.268,-97.743,2024-04-01,75.4,79.5,0,0,,12.8,9.1,81.9,7.5,75
"Austin, TX",30.268,-97.743,2024-04-02,66.7,51.4,0.087,100,rain,12,7.3,24.2,9.5,10
"Austin, TX",30.268,-97.743,2024-04-03,64.5,42.6,0,0,,11.3,6.5,1.2,9.8,10
"Austin, TX",30.268,-97.743,2024-04-04,68.1,45,0,0,,10.6,3.1,0.3,9.8,10
"Austin, TX",30.268,-97.743,2024-04-05,70.7,40.8,0,0,,16.1,6.7,7,9.8,10
"Austin, TX",30.268,-97.743,2024-04-06,68.8,78.7,0,0,,14.5,9.3,78.9,9.6,10
"Austin, TX",30.268,-97.743,2024-04-07,72.1,52.8,0.049,100,rain,8.5,4.5,50.8,9.2,10
"Austin, TX",30.268,-97.743,2024-04-08,71.6,80.4,0.075,100,rain,9.5,4.2,90.5,7.4,75
"Austin, TX",30.268,-97.743,2024-04-09,73,89.2,1.2,100,rain,11.2,7.3,90.7,5.5,100
"Austin, TX",30.268,-97.743,2024-04-10,64.3,69.6,0.198,100,rain,21.2,9.8,58.8,9.6,10
"Austin, TX",30.268,-97.743,2024-04-11,67.6,49,0,0,,10,5.9,0.1,9.8,10
"Austin, TX",30.268,-97.743,2024-04-12,67.5,58,0,0,,11.2,5.7,9.8,9.8,10
"Austin, TX",30.268,-97.743,2024-04-13,71.1,67.9,0,0,,14.4,8.8,41.2,9.6,10
"Austin, TX",30.268,-97.743,2024-04-14,72.6,75.7,0,0,,11.2,7.1,76.9,9.7,10
"Austin, TX",30.268,-97.743,2024-04-15,74.7,79.2,0.003,100,rain,18.3,10.1,92.1,9.5,15
"Austin, TX",30.268,-97.743,2024-04-16,74.1,85.7,0.023,100,rain,12.7,5.5,98.4,7.2,60
"Austin, TX",30.268,-97.743,2024-04-17,76.3,83.7,0,0,,10,5.6,89.8,6.7,60
"Austin, TX",30.268,-97.743,2024-04-18,78.9,76,0,0,,10.9,6.3,74,8.7,75
"Austin, TX",30.268,-97.743,2024-04-19,71.3,74,0,0,,14.6,6.5,80.9,9.5,10
"Austin, TX",30.268,-97.743,2024-04-20,64.5,87.4,0.464,100,rain,14.5,7.2,99,7.5,10
"Austin, TX",30.268,-97.743,2024-04-21,59.2,68.4,0.234,100,rain,14,10.2,63.8,9.3,10
"Austin, TX",30.268,-97.743,2024-04-22,61.5,59.7,0,0,,9.4,4.7,7.6,9.8,10
"Austin, TX",30.268,-97.743,2024-04-23,65.7,77.6,0,0,,13.6,6.6,71.1,9.8,10
"Austin, TX",30.268,-97.743,2024-04-24,74.9,78.5,0,0,,11.4,7.1,84.1,8.6,60
"Austin, TX",30.268,-97.743,2024-04-25,74.8,81,0.017,100,rain,19.6,10.7,95.5,9.4,75
"Austin, TX",30.268,-97.743,2024-04-26,76.9,76.4,0,0,,16.8,10.6,92.8,9.7,75
"Austin, TX",30.268,-97.743,2024-04-27,78,78.4,0,0,,17.4,12.5,95.4,8.6,100
"Austin, TX",30.268,-97.743,2024-04-28,73.5,88.8,0.71,100,rain,15,5.1,84.8,8.1,75
"Austin, TX",30.268,-97.743,2024-04-29,78.5,75.3,0,0,,9,3.8,49.4,7.2,60
"Austin, TX",30.268,-97.743,2024-04-30,76.8,74.7,0,0,,13.4,6.6,71.1,9.2,75
"Austin, TX",30.268,-97.743,2024-05-01,73.7,90.5,0.978,100,rain,9.8,7.1,87.8,7.2,75
"Austin, TX",30.268,-97.743,2024-05-02,73.3,90,0.038,100,rain,10.1,5.4,99.3,7.8,100
"Austin, TX",30.268,-97.743,2024-05-03,73.3,93.1,0.053,100,rain,11.1,5.3,99.4,5.6,75
"Austin, TX",30.268,-97.743,2024-05-04,74.4,86.7,0,0,,8.4,5.1,83.8,9,75
"Austin, TX",30.268,-97.743,2024-05-05,72.6,85,0.997,100,rain,12.3,5.8,76.9,9.3,30
"Austin, TX",30.268,-97.743,2024-05-06,78.4,81.9,0.004,100,rain,13.8,8.2,79.9,8.4,100
"Austin, TX",30.268,-97.743,2024-05-07,80.4,78,0,0,,10.5,5.4,67.8,8.3,100
"Austin, TX",30.268,-97.743,2024-05-08,80.9,80.9,0,0,,10.1,5.9,74,4.3,100
"Austin, TX",30.268,-97.743,2024-05-09,82.5,75,0,0,,15.4,5.8,65.1,6,100
"Austin, TX",30.268,-97.743,2024-05-10,76.3,59.4,0,0,,14.5,9.6,36.9,9.7,15
"Austin, TX",30.268,-97.743,2024-05-11,73.1,63.5,0,0,,11.3,6.4,58.7,9.6,10
"Austin, TX",30.268,-97.743,2024-05-12,70.3,85.8,0.001,100,rain,10.7,4.7,100,8.6,30
"Austin, TX",30.268,-97.743,2024-05-13,71.6,89.1,0.134,100,rain,7,2.3,68.6,7.4,75
"Austin, TX",30.268,-97.743,2024-05-14,76.9,60.5,0,0,,6.6,3,1.3,9.2,10
"Austin, TX",30.268,-97.743,2024-05-15,79,54.1,0,0,,12.7,5.5,14.8,9.5,15
"Austin, TX",30.268,-97.743,2024-05-16,72.7,84.6,1.236,100,rain,12.5,7,84.8,8.6,75
"Austin, TX",30.268,-97.743,2024-05-17,72.7,73.3,0,0,,11.3,3.8,32.6,9.6,60
"Austin, TX",30.268,-97.743,2024-05-18,80.7,67.7,0,0,,8,4.6,27.3,9.3,75
"Austin, TX",30.268,-97.743,2024-05-19,82.1,67.6,0,0,,10.8,6.9,37.8,8.5,30
"Austin, TX",30.268,-97.743,2024-05-20,81.5,67.4,0,0,,12,7,23.9,9.5,30
"Austin, TX",30.268,-97.743,2024-05-21,83.9,71.8,0,0,,13.6,8.9,64.6,7.6,100
"Austin, TX",30.268,-97.743,2024-05-22,84.3,72.4,0,0,,14.5,8.3,80.4,7.5,100
"Austin, TX",30.268,-97.743,2024-05-23,83.4,73.4,0,0,,15.8,9.4,69.6,9,75
"Austin, TX",30.268,-97.743,2024-05-24,84.8,73.2,0,0,,11,6.6,80,7.7,100
"Austin, TX",30.268,-97.743,2024-05-25,86.5,67.8,0,0,,16.5,8.8,45.9,7.6,100
"Austin, TX",30.268,-97.743,2024-05-26,84.7,72.9,0,0,,10.8,6.1,62,7.3,100
"Austin, TX",30.268,-97.743,2024-05-27,86.8,72.3,0,0,,9.7,5.5,53.5,5.8,100
"Austin, TX",30.268,-97.743,2024-05-28,82.6,67.5,0,0,,15.8,8,54.7,7.4,100
"Austin, TX",30.268,-97.743,2024-05-29,80.4,68.2,0.359,100,rain,10.3,5.5,38.1,9.7,75
"Austin, TX",30.268,-97.743,2024-05-30,83.5,72.2,0.004,100,rain,12,6.8,77.8,9.5,100
"Austin, TX",30.268,-97.743,2024-05-31,77.9,75.9,1.306,100,rain,17,6,62.5,9.6,60
"Austin, TX",30.268,-97.743,2024-06-01,81.8,73.5,0,0,,7.6,4.2,48.1,9.7,100
"Austin, TX",30.268,-97.743,2024-06-02,84.3,73.1,0,0,,14.7,7.8,64.2,9.3,100
"Austin, TX",30.268,-97.743,2024-06-03,85.1,72.8,0,0,,16.7,9.9,85.3,9.1,100
"Austin, TX",30.268,-97.743,2024-06-04,87,72,0,0,,15.7,10.8,61.5,7.9,100
"Austin, TX",30.268,-97.743,2024-06-05,82.1,73.4,0.004,100,rain,15.4,6.5,57.9,8.8,100
"Austin, TX",30.268,-97.743,2024-06-06,84,66.3,0,0,,7.9,2.4,6.1,9.8,60
"Austin, TX",30.268,-97.743,2024-06-07,84.2,64.3,0,0,,9.6,4.1,2.8,9.9,60
"Austin, TX",30.268,-97.743,2024-06-08,84.9,63.4,0,0,,15.4,7.4,7.6,9.9,30
"Austin, TX",30.268,-97.743,2024-06-09,84.5,65.2,0,0,,10.3,5.6,32.9,9.6,30
"Austin, TX",30.268,-97.743,2024-06-10,84.6,67.4,0.005,100,rain,6.8,3.5,53.5,9.8,30
"Austin, TX",30.268,-97.743,2024-06-11,79.8,76.5,0.167,100,rain,15.9,3.8,45.9,9.4,30
"Austin, TX",30.268,-97.743,2024-06-12,80.7,77.3,0.006,100,rain,7.9,3.3,70.5,9.8,30
"Austin, TX",30.268,-97.743,2024-06-13,84.8,67.7,0,0,,7.8,2.1,37.7,9.8,30
"Austin, TX",30.268,-97.743,2024-06-14,86,61.8,0,0,,8.9,3.5,26.7,9.8,30
"Austin, TX",30.268,-97.743,2024-06-15,85.5,62.9,0,0,,12.1,5.1,41.2,9.7,30
"Austin, TX",30.268,-97.743,2024-06-16,86.2,63.4,0,0,,15.7,7.3,40,9.8,60
"Austin, TX",30.268,-97.743,2024-06-17,85.7,67.9,0,0,,16.1,10,63.3,9.7,60
"Austin, TX",30.268,-97.743,2024-06-18,83.3,66.5,0,0,,13.2,9,50,9.8,10
"Austin, TX",30.268,-97.743,2024-06-19,76.8,83.5,1.166,100,rain,14.5,8,84.9,7.8,10
"Austin, TX",30.268,-97.743,2024-06-20,80.3,82.1,0.326,100,rain,15.2,7.6,79.9,8.7,30
"Austin, TX",30.268,-97.743,2024-06-21,82.7,73.5,0,0,,8.7,4.2,51.4,9.7,30
"Austin, TX",30.268,-97.743,2024-06-22,83.7,69.2,0,0,,7.1,2.8,37.4,9.7,10
"Austin, TX",30.268,-97.743,2024-06-23,84.9,61.2,0,0,,6.3,3.3,6.7,9.9,30
"Austin, TX",30.268,-97.743,2024-06-24,86,69.8,0,0,,9.7,4.1,32.3,9.8,60
"Austin, TX",30.268,-97.743,2024-06-25,86.8,69.1,0,0,,9.4,6.3,43.1,9.8,60
"Austin, TX",30.268,-97.743,2024-06-26,87,67.3,0,0,,9.4,6,36,9.9,60
"Austin, TX",30.268,-97.743,2024-06-27,88.3,65.3,0,0,,11.5,4.9,18.5,9.8,60
"Austin, TX",30.268,-97.743,2024-06-28,88.5,63.3,0,0,,12.4,7.5,12.8,9.6,60
"Austin, TX",30.268,-97.743,2024-06-29,89,63.5,0,0,,12.6,8.9,56.7,9.8,60
"Austin, TX",30.268,-97.743,2024-06-30,87.6,63.5,0,0,,10.1,5.1,51.2,9.8,60
"Austin, TX",30.268,-97.743,2024-07-01,88.3,58.1,0,0,,9.7,4.4,7.7,9.8,10
"Austin, TX",30.268,-97.743,2024-07-02,88.8,54.6,0,0,,10.4,6.2,5,9.6,10
"Austin, TX",30.268,-97.743,2024-07-03,87.4,61.1,0,0,,11.2,6.6,16,9.7,30
"Austin, TX",30.268,-97.743,2024-07-04,88.7,60.4,0,0,,11.3,7.7,35.1,9.9,30
"Austin, TX",30.268,-97.743,2024-07-05,87.1,60.1,0,0,,12.2,5.7,32.8,9.8,30
"Austin, TX",30.268,-97.743,2024-07-06,81.2,69.9,0.764,100,rain,10.5,4.3,34.5,9.3,30
"Austin, TX",30.268,-97.743,2024-07-07,82.2,75.2,0.001,100,rain,13.4,5,34.8,9.6,30
"Austin, TX",30.268,-97.743,2024-07-08,83.4,65.9,0,0,,13.1,8.6,61.1,9.9,10
"Austin, TX",30.268,-97.743,2024-07-09,84.6,61,0,0,,6.9,2.6,23.1,9.8,30
"Austin, TX",30.268,-97.743,2024-07-10,86.3,57.5,0,0,,14.3,3.8,26,9.9,30
"Austin, TX",30.268,-97.743,2024-07-11,84.7,58.9,0,0,,10.9,3.3,22.9,9.9,30
"Austin, TX",30.268,-97.743,2024-07-12,79.9,74.4,0.05,100,rain,9.4,3.9,28.1,9.7,30
"Austin, TX",30.268,-97.743,2024-07-13,80.1,76.8,0.007,100,rain,7.9,3.2,42.1,9.6,30
"Austin, TX",30.268,-97.743,2024-07-14,83.3,70.5,0,0,,9.3,4.1,48.9,9.7,60
"Austin, TX",30.268,-97.743,2024-07-15,86.3,63.9,0,0,,10.1,6.1,24.5,9.5,60
"Austin, TX",30.268,-97.743,2024-07-16,86.9,61.1,0,0,,10.4,7,13.5,9.7,60
"Austin, TX",30.268,-97.743,2024-07-17,87.1,62.1,0,0,,8.9,4.6,23.3,9.8,75
"Austin, TX",30.268,-97.743,2024-07-18,84.7,66.7,0.566,100,rain,9.6,4.2,51,9.4,60
"Austin, TX",30.268,-97.743,2024-07-19,84.5,64.3,0.079,100,rain,7.3,4,46.1,9.9,30
"Austin, TX",30.268,-97.743,2024-07-20,85.2,59.6,0,0,,9.2,2.9,24.8,9.8,30
"Austin, TX",30.268,-97.743,2024-07-21,81.7,75.9,0.425,100,rain,12.1,2.8,42.2,9.2,60
"Austin, TX",30.268,-97.743,2024-07-22,79.4,84.3,0.194,100,rain,6.5,2.8,62.5,8.3,60
"Austin, TX",30.268,-97.743,2024-07-23,76.7,89.2,1.144,100,rain,6.2,2.4,82.7,9.1,30
"Austin, TX",30.268,-97.743,2024-07-24,80.8,76,0.003,100,rain,6.8,3.3,60.3,9.6,30
"Austin, TX",30.268,-97.743,2024-07-25,79.6,79.8,0.011,100,rain,8.9,2.9,49,9.7,30
"Austin, TX",30.268,-97.743,2024-07-26,78.5,80.8,0,0,,8.4,2.8,56.1,9.5,30
"Austin, TX",30.268,-97.743,2024-07-27,78.7,80.1,0.004,100,rain,9.7,5.1,65.8,9.5,30
"Austin, TX",30.268,-97.743,2024-07-28,80.3,81.7,0.083,100,rain,11.6,6.3,77,9.7,60
"Austin, TX",30.268,-97.743,2024-07-29,85.4,71.8,0,0,,12.8,7.8,57.9,9.5,60
"Austin, TX",30.268,-97.743,2024-07-30,85.2,71.6,0,0,,13.6,8.2,65.9,9.6,60
"Austin, TX",30.268,-97.743,2024-07-31,85.5,67.3,0,0,,12.8,8.3,39,9,60
"Austin, TX",30.268,-97.743,2024-08-01,84.9,66.9,0,0,,10.2,5.3,34,9.1,30
"Austin, TX",30.268,-97.743,2024-08-02,86.7,67.5,0,0,,6.5,3.6,18.2,9.8,60
"Austin, TX",30.268,-97.743,2024-08-03,87.4,64.1,0,0,,6.8,2.8,15.5,9.8,60
"Austin, TX",30.268,-97.743,2024-08-04,84.1,69.8,0.692,100,rain,6.5,2.1,27.4,9.3,60
"Austin, TX",30.268,-97.743,2024-08-05,85,65.5,0,0,,5.7,2.2,14.6,9.8,30
"Austin, TX",30.268,-97.743,2024-08-06,86.8,61.7,0,0,,8.1,2.5,7.8,9.7,30
"Austin, TX",30.268,-97.743,2024-08-07,88.9,58.9,0,0,,7.3,3.1,10.1,9.8,60
"Austin, TX",30.268,-97.743,2024-08-08,88.1,58.2,0,0,,9.2,3.4,2.7,9.8,60
"Austin, TX",30.268,-97.743,2024-08-09,87,63,0.075,100,rain,8.9,2.6,19.7,9.8,60
"Austin, TX",30.268,-97.743,2024-08-10,85.8,67.6,0.007,100,rain,11.4,3.4,22.9,9.7,75
"Austin, TX",30.268,-97.743,2024-08-11,87.1,64.6,0,0,,14.1,4.8,13,9.7,60
"Austin, TX",30.268,-97.743,2024-08-12,87.2,64.9,0,0,,10.9,5.6,25.9,9.8,60
"Austin, TX",30.268,-97.743,2024-08-13,87.3,65.4,0,0,,11.4,6,22.3,9.5,60
"Austin, TX",30.268,-97.743,2024-08-14,87.4,64.7,0,0,,9.2,5.6,18.1,9.9,60
"Austin, TX",30.268,-97.743,2024-08-15,88.1,62.6,0,0,,11.4,6.7,20.4,9.9,75
"Austin, TX",30.268,-97.743,2024-08-16,88.6,61.3,0,0,,11.4,6.2,23.8,9.9,60
"Austin, TX",30.268,-97.743,2024-08-17,88.4,61,0,0,,6.9,4.3,12.2,9.9,60
"Austin, TX",30.268,-97.743,2024-08-18,89.2,56.7,0,0,,10.3,4.1,16.6,9.9,60
"Austin, TX",30.268,-97.743,2024-08-19,89.2,53.6,0,0,,6.9,2.6,8.7,9.9,30
"Austin, TX",30.268,-97.743,2024-08-20,90.9,44.4,0,0,,6.9,4,6.6,9.9,10
"Austin, TX",30.268,-97.743,2024-08-21,92.5,48.1,0,0,,7.8,3.3,4,9.9,30
"Austin, TX",30.268,-97.743,2024-08-22,92.4,51.6,0,0,,10.5,6.5,4.6,9.9,60
"Austin, TX",30.268,-97.743,2024-08-23,87.4,64.4,0.066,100,rain,13.9,5.8,15.7,9.8,75
"Austin, TX",30.268,-97.743,2024-08-24,86.4,63.8,0,0,,10,5.2,17.9,9.7,60
"Austin, TX",30.268,-97.743,2024-08-25,86,59.5,0,0,,7.3,3.6,17.5,9.8,30
"Austin, TX",30.268,-97.743,2024-08-26,80.5,74,0.012,100,rain,10.9,3.6,30.8,9.8,30
"Austin, TX",30.268,-97.743,2024-08-27,78.7,80.6,0.551,100,rain,10.8,3,47.5,9.1,30
"Austin, TX",30.268,-97.743,2024-08-28,81.2,76.6,0.016,100,rain,15.1,3.4,49.6,9.6,60
"Austin, TX",30.268,-97.743,2024-08-29,81.6,72.2,0,0,,10.4,2.9,59.7,9.9,30
"Austin, TX",30.268,-97.743,2024-08-30,83.2,69.9,0,0,,11.8,4.3,52.4,9.8,30
"Austin, TX",30.268,-97.743,2024-08-31,83.7,66.4,0,0,,14,4.9,32,9.9,10
"Austin, TX",30.268,-97.743,2024-09-01,84.1,66.4,0,0,,16,5.7,59.1,9.9,30
"Austin, TX",30.268,-97.743,2024-09-02,83.6,69.6,0.005,100,rain,13.6,6.3,90.4,9.9,30
"Austin, TX",30.268,-97.743,2024-09-03,81,77.2,0.257,100,rain,10.9,5.6,84.5,9.6,30
"Austin, TX",30.268,-97.743,2024-09-04,79.7,76.3,0.001,100,rain,13.2,8.1,55.2,9.8,10
"Austin, TX",30.268,-97.743,2024-09-05,78.6,76.9,0.03,100,rain,11.9,8.4,75.2,9.7,10
"Austin, TX",30.268,-97.743,2024-09-06,81.3,68.9,0,0,,16.2,10.3,50.1,9.9,10
"Austin, TX",30.268,-97.743,2024-09-07,80.2,55,0,0,,25.3,11.3,4.8,9.9,10
"Austin, TX",30.268,-97.743,2024-09-08,75.4,42.9,0,0,,15.2,7.6,4,9.9,10
"Austin, TX",30.268,-97.743,2024-09-09,74.6,41.1,0,0,,13.9,6.1,5.5,9.9,10
"Austin, TX",30.268,-97.743,2024-09-10,79.4,47.1,0,0,,12.3,6.1,36,9.9,10
"Austin, TX",30.268,-97.743,2024-09-11,80.9,65.1,0,0,,12.7,5.8,49.9,9.9,10
"Austin, TX",30.268,-97.743,2024-09-12,81,65.4,0,0,,9.1,4,47.3,9.9,10
"Austin, TX",30.268,-97.743,2024-09-13,82.3,63.9,0,0,,12,3.4,13.2,9.9,30
"Austin, TX",30.268,-97.743,2024-09-14,86,62.7,0,0,,9,4.8,21,9.8,30
"Austin, TX",30.268,-97.743,2024-09-15,86.2,59.5,0,0,,9.7,3.9,13.4,9.8,30
"Austin, TX",30.268,-97.743,2024-09-16,84.7,56.7,0,0,,6.8,3.3,16.3,9.9,10
"Austin, TX",30.268,-97.743,2024-09-17,84.8,58.9,0,0,,6.9,2.7,39.4,9.8,10
"Austin, TX",30.268,-97.743,2024-09-18,86.1,63.3,0,0,,10.4,6,38.6,9.8,30
"Austin, TX",30.268,-97.743,2024-09-19,86.5,65.7,0,0,,9,5.1,39.6,9.9,30
"Austin, TX",30.268,-97.743,2024-09-20,86.8,64.7,0,0,,6.5,4,38.1,9.8,30
"Austin, TX",30.268,-97.743,2024-09-21,85.6,62.9,0,0,,10.4,6.1,28.2,9.6,30
"Austin, TX",30.268,-97.743,2024-09-22,84.6,64.4,0,0,,10.7,5.1,54.6,9.8,10
"Austin, TX",30.268,-97.743,2024-09-23,83.2,66,0,0,,10.2,4.4,59.8,9.9,30
"Austin, TX",30.268,-97.743,2024-09-24,82.2,67.2,0,0,,13.4,2.9,40.6,9.9,60
"Austin, TX",30.268,-97.743,2024-09-25,80.2,66.8,0,0,,13.8,6.9,10.2,9.9,60
"Austin, TX",30.268,-97.743,2024-09-26,76.7,52.1,0,0,,14.3,6.5,2.8,9.9,10
"Austin, TX",30.268,-97.743,2024-09-27,77.3,46.5,0,0,,10.8,4.5,0,9.9,10
"Austin, TX",30.268,-97.743,2024-09-28,78.4,46.3,0,0,,13.2,4.7,0,9.9,10
"Austin, TX",30.268,-97.743,2024-09-29,77.2,45.9,0,0,,16.1,4,7.3,9.9,10
"Austin, TX",30.268,-97.743,2024-09-30,80.1,48.2,0,0,,7.7,2.7,3.4,9.9,10
"Austin, TX",30.268,-97.743,2024-10-01,81.7,48.7,0,0,,10.5,4.3,8.7,9.9,10
"Austin, TX",30.268,-97.743,2024-10-02,81.1,48.2,0,0,,9.4,4,7.8,9.9,10
"Austin, TX",30.268,-97.743,2024-10-03,80.6,52.9,0,0,,10.1,3.2,13.2,9.8,10
"Austin, TX",30.268,-97.743,2024-10-04,79.7,46.7,0,0,,16.5,4.8,8,9.9,10
"Austin, TX",30.268,-97.743,2024-10-05,81.2,52.9,0,0,,7,3.1,17.4,9.9,10
"Austin, TX",30.268,-97.743,2024-10-06,80.5,59.2,0,0,,11.7,3.5,11.9,9.9,10
"Austin, TX",30.268,-97.743,2024-10-07,79.8,50.7,0,0,,13.5,4.3,21.6,9.8,10
"Austin, TX",30.268,-97.743,2024-10-08,79.3,48.7,0,0,,13.5,3.8,1.3,9.9,10
"Austin, TX",30.268,-97.743,2024-10-09,76.2,39.7,0,0,,4.4,1.4,1.3,9.9,10
"Austin, TX",30.268,-97.743,2024-10-10,78,43.4,0,0,,6.6,2.5,0.5,9.8,10
"Austin, TX",30.268,-97.743,2024-10-11,77.2,50.6,0,0,,8.6,3.6,0,9.9,10
"Austin, TX",30.268,-97.743,2024-10-12,78.2,53.9,0,0,,12.6,5.4,0,9.8,10
"Austin, TX",30.268,-97.743,2024-10-13,81.9,50.8,0,0,,10.8,5.6,0.1,9.9,10
"Austin, TX",30.268,-97.743,2024-10-14,79.4,36.9,0,0,,7.2,3.3,0,9.9,10
"Austin, TX",30.268,-97.743,2024-10-15,78.2,45.7,0,0,,11.3,2,0.1,9.9,10
"Austin, TX",30.268,-97.743,2024-10-16,67.6,36.2,0,0,,19,7.6,20.5,9.9,10
"Austin, TX",30.268,-97.743,2024-10-17,63.3,38.1,0,0,,7.2,3.6,32.9,9.9,10
"Austin, TX",30.268,-97.743,2024-10-18,67.9,58,0.009,100,rain,11.7,6,50.1,9.9,10
"Austin, TX",30.268,-97.743,2024-10-19,72.3,59.9,0,0,,9.8,5,49.9,9.9,10
"Austin, TX",30.268,-97.743,2024-10-20,71.5,55.8,0,0,,7.2,2.8,4.1,9.9,10
"Austin, TX",30.268,-97.743,2024-10-21,70.9,61.6,0,0,,7.8,2.9,6.9,9.9,10
"Austin, TX",30.268,-97.743,2024-10-22,75.4,69.1,0,0,,6.5,3.5,45.2,9.8,10
"Austin, TX",30.268,-97.743,2024-10-23,76.4,65.8,0,0,,12.9,4,6,9.8,10
"Austin, TX",30.268,-97.743,2024-10-24,77.6,62.8,0,0,,9.5,5.5,37.8,9.9,10
"Austin, TX",30.268,-97.743,2024-10-25,78,63.1,0,0,,14.5,5.6,41.1,9.9,10
"Austin, TX",30.268,-97.743,2024-10-26,76.6,61.6,0,0,,4.7,1.3,27.6,9.9,10
"Austin, TX",30.268,-97.743,2024-10-27,78.5,58.5,0,0,,9.8,3.8,24,9.9,10
"Austin, TX",30.268,-97.743,2024-10-28,77.2,65,0,0,,13.1,7.3,38.2,9.9,10
"Austin, TX",30.268,-97.743,2024-10-29,79.1,68.8,0,0,,20.8,11.9,71.7,9.8,10
"Austin, TX",30.268,-97.743,2024-10-30,80.7,68,0,0,,13.2,9.6,77.9,9.8,30
"Austin, TX",30.268,-97.743,2024-10-31,77.3,63.8,0,0,,13.1,6.9,65.3,9.8,30
"Austin, TX",30.268,-97.743,2024-11-01,72.3,75.2,0,0,,12.9,4.6,96.3,9.6,10
"Austin, TX",30.268,-97.743,2024-11-02,74.6,82.9,0.044,100,rain,13.7,6.4,85.4,9.3,30
"Austin, TX",30.268,-97.743,2024-11-03,78.5,73.3,0,0,,13.6,10.5,81.1,9.8,30
"Austin, TX",30.268,-97.743,2024-11-04,77.3,77.2,1.009,100,rain,14.5,10.3,85.9,9.4,60
"Austin, TX",30.268,-97.743,2024-11-05,63.1,70.4,0.664,100,rain,9.4,3.9,51.9,9.7,10
"Austin, TX",30.268,-97.743,2024-11-06,63.9,63,0,0,,7.3,2.8,17.7,9.9,10
"Austin, TX",30.268,-97.743,2024-11-07,75.6,71,0,0,,10,5.3,82.9,9.3,30
"Austin, TX",30.268,-97.743,2024-11-08,73.5,75.7,0,0,,14.8,7.2,88.3,9.6,30
"Austin, TX",30.268,-97.743,2024-11-09,67.3,44.4,0,0,,11.9,5.3,25.4,9.9,10
"Austin, TX",30.268,-97.743,2024-11-10,71.2,55.1,0,0,,5.3,1.4,26.8,9.8,10
"Austin, TX",30.268,-97.743,2024-11-11,69.8,60.2,0,0,,4.2,2.3,3.7,9.9,10
"Austin, TX",30.268,-97.743,2024-11-12,69,62.7,0,0,,8.3,2.7,10.5,9.9,10
"Austin, TX",30.268,-97.743,2024-11-13,70.1,57.2,0,0,,10.3,4.9,7.6,9.8,10
"Austin, TX",30.268,-97.743,2024-11-14,62.5,42.3,0,0,,8.9,3.9,0.8,9.9,10
"Austin, TX",30.268,-97.743,2024-11-15,59.2,51.7,0,0,,8.6,3.3,0.3,9.8,10
"Austin, TX",30.268,-97.743,2024-11-16,67.6,68.4,0,0,,10.8,5.8,14.5,9.9,10
"Austin, TX",30.268,-97.743,2024-11-17,74.2,77.9,0,0,,14.8,7.3,88.3,9.1,30
"Austin, TX",30.268,-97.743,2024-11-18,68.8,70.5,0.225,100,rain,13.5,6.8,63,9,10
"Austin, TX",30.268,-97.743,2024-11-19,62.6,53.9,0,0,,8.1,3.9,0.5,9.9,10
"Austin, TX",30.268,-97.743,2024-11-20,57.3,41.2,0,0,,20.1,8,0,9.9,10
"Austin, TX",30.268,-97.743,2024-11-21,54.2,49.4,0,0,,6,1.9,0.2,9.9,10
"Austin, TX",30.268,-97.743,2024-11-22,57.5,52.1,0,0,,5.1,1.1,7.4,9.9,10
"Austin, TX",30.268,-97.743,2024-11-23,60.1,60.5,0,0,,10.6,4.1,2.1,9.9,10
"Austin, TX",30.268,-97.743,2024-11-24,67.8,72.6,0,0,,13,6.1,15.2,9.3,10
"Austin, TX",30.268,-97.743,2024-11-25,64.5,71.2,0,0,,13.4,7.2,11.2,9.6,10
"Austin, TX",30.268,-97.743,2024-11-26,54.3,58.8,0,0,,7.8,4.8,29,9.9,10
"Austin, TX",30.268,-97.743,2024-11-27,66.4,65.7,0,0,,15.5,6.4,28.1,9.8,10
"Austin, TX",30.268,-97.743,2024-11-28,53.8,45.8,0,0,,13.9,10.6,16.7,9.9,10
"Austin, TX",30.268,-97.743,2024-11-29,47.8,46.3,0,0,,11.4,6.7,11.7,9.9,10
"Austin, TX",30.268,-97.743,2024-11-30,52.9,53.1,0,0,,5.6,2,62.7,9.9,10
"Austin, TX",30.268,-97.743,2024-12-01,56.6,70.9,0,0,,5.1,1.6,50.1,9.9,10
"Austin, TX",30.268,-97.743,2024-12-02,55.3,59.9,0,0,,8.6,3.1,20.8,9.8,10
"Austin, TX",30.268,-97.743,2024-12-03,54.4,58.4,0.027,100,rain,6.9,3.1,83.3,9.7,10
"Austin, TX",30.268,-97.743,2024-12-04,55.9,89.4,0.286,100,rain,5.8,2.3,99.9,5.1,10
"Austin, TX",30.268,-97.743,2024-12-05,56.3,79.6,0,0,,15.1,8.3,86.6,7.4,10
"Austin, TX",30.268,-97.743,2024-12-06,47.6,48.9,0.019,100,rain,11.2,7.3,96.8,9.9,10
"Austin, TX",30.268,-97.743,2024-12-07,44.7,86.4,0.413,100,rain,9.2,4.1,99.9,6.6,10
"Austin, TX",30.268,-97.743,2024-12-08,51.3,95.6,0.003,100,rain,6.1,2.5,68.8,5.8,10
"Austin, TX",30.268,-97.743,2024-12-09,61.4,70.7,0,0,,9.9,3.7,9.6,7.5,10
"Austin, TX",30.268,-97.743,2024-12-10,52.2,61.3,0,0,,19,9.8,35.3,9.9,10
"Austin, TX",30.268,-97.743,2024-12-11,47.5,48.4,0,0,,8.8,4.5,1,9.9,10
